,4314 AMOS POLLARD,SAN ANTONIO,TX,78253
,4503 AMOS POLLARD,SAN ANTONIO,TX,78253
,239 ANTRIM,SAN ANTONIO,TX,78218
,302 ARTEMIS,SAN ANTONIO,TX,78218
,7811 ARTESIAN FARM,SAN ANTONIO,TX,78239
,9003 VILLAGE,SAN ANTONIO,TX,78217
,3630 BARRINGTON,SAN ANTONIO,TX,78217
,14702 BENDING,SAN ANTONIO,TX,78247
,4931 BENDING TRAILS,SAN ANTONIO,TX,78247
,6710 BENKE FARM,SAN ANTONIO,TX,78239
,203 BIRCHWOOD BAY,SAN ANTONIO,TX,78253
,16343 BITTER CRK,SAN ANTONIO,TX,78247
,7 BITTERBLUE,SAN ANTONIO,TX,78218
,11 BITTERBLUE,SAN ANTONIO,TX,78218
,13 BITTERBLUE,SAN ANTONIO,TX,78218
,19 BITTERBLUE,SAN ANTONIO,TX,78218
,2547 MACARTHUR,SAN ANTONIO,TX,78217
,571 BLAZE,SAN ANTONIO,TX,78218
,14227 BOBWHITE,SAN ANTONIO,TX,78217
,14022 BOULDER OAKS,SAN ANTONIO,TX,78247
,16335 BOULDER PASS,SAN ANTONIO,TX,78247
,5626 BRANDEMERE,SAN ANTONIO,TX,78218
,15002 BREEZY BEND,SAN ANTONIO,TX,78217
,13510 BRET HARTE,SAN ANTONIO,TX,78217
,214 BRETTONWOOD,SAN ANTONIO,TX,78218
,14403 BRIARBRANCH,SAN ANTONIO,TX,78247
,4246 BRIARCREST,SAN ANTONIO,TX,78247
,4250 BRIARCREST,SAN ANTONIO,TX,78247
,4254 BRIARCREST,SAN ANTONIO,TX,78247
,4258 BRIARCREST,SAN ANTONIO,TX,78247
,4302 BRIARCREST,SAN ANTONIO,TX,78247
,4306 BRIARCREST,SAN ANTONIO,TX,78247
,4310 BRIARCREST,SAN ANTONIO,TX,78247
,4314 BRIARCREST,SAN ANTONIO,TX,78247
,4318 BRIARCREST,SAN ANTONIO,TX,78247
,4322 BRIARCREST,SAN ANTONIO,TX,78247
,4326 BRIARCREST,SAN ANTONIO,TX,78247
,4330 BRIARCREST,SAN ANTONIO,TX,78247
,4334 BRIARCREST,SAN ANTONIO,TX,78247
,4338 BRIARCREST,SAN ANTONIO,TX,78247
,4342 BRIARCREST,SAN ANTONIO,TX,78247
,4346 BRIARCREST,SAN ANTONIO,TX,78247
,4350 BRIARCREST,SAN ANTONIO,TX,78247
,4354 BRIARCREST,SAN ANTONIO,TX,78247
,4003 BRIARHOLLOW,SAN ANTONIO,TX,78247
,4339 BRIGHT SUN,SAN ANTONIO,TX,78217
,6711 BROTHERS,SAN ANTONIO,TX,78239
,12227 BUDDING,SAN ANTONIO,TX,78247
,6348 CAMBRIDGE,SAN ANTONIO,TX,78218
,34 CAMPDEN,SAN ANTONIO,TX,78218
,6042 CAMPSTOOL,SAN ANTONIO,TX,78239
,12827 CAPRI,SAN ANTONIO,TX,78253
,8803 CARRIAGE,SAN ANTONIO,TX,78217
,8903 CARRIAGE,SAN ANTONIO,TX,78217
,8954 CARRIAGE,SAN ANTONIO,TX,78217
,4811 CASTLE BRIDGE,SAN ANTONIO,TX,78218
,7202 CASTLE GATE,SAN ANTONIO,TX,78218
,5835 CASTLE HUNT,SAN ANTONIO,TX,78218
,5838 CASTLE HUNT,SAN ANTONIO,TX,78218
,6039 CASTLE HUNT,SAN ANTONIO,TX,78218
,6086 CASTLE HUNT,SAN ANTONIO,TX,78218
,4819 CASTLE INN,SAN ANTONIO,TX,78218
,4818 CASTLE KENT,SAN ANTONIO,TX,78218
,5875 CASTLE LAKE,SAN ANTONIO,TX,78218
,4819 CASTLE PATH,SAN ANTONIO,TX,78218
,4803 CASTLE PRINCE,SAN ANTONIO,TX,78218
,5882 CASTLE RUN,SAN ANTONIO,TX,78218
,4831 CASTLE SWORD,SAN ANTONIO,TX,78218
,6050 CASTLE,SAN ANTONIO,TX,78218
,5835 CASTLE YARD,SAN ANTONIO,TX,78218
,306 CEDRON CHASE,SAN ANTONIO,TX,78253
,222 CICERO,SAN ANTONIO,TX,78218
,4211 CLEAR LAKE,SAN ANTONIO,TX,78217
,4231 CLEAR LAKE,SAN ANTONIO,TX,78217
,4507 CLEAR SPG,SAN ANTONIO,TX,78217
,15826 COLTON WELL,SAN ANTONIO,TX,78247
,15915 COLTON WELL,SAN ANTONIO,TX,78247
,326 CRESHAM,SAN ANTONIO,TX,78218
,6611 CROWN RDG,SAN ANTONIO,TX,78239
,5007 CRUSADE,SAN ANTONIO,TX,78218
,16723 CRYSTAL GLADE,SAN ANTONIO,TX,78247
,7431 DELL OAK,SAN ANTONIO,TX,78218
,4214 DIAMONDHEAD,SAN ANTONIO,TX,78218
,4535 DIAMONDHEAD,SAN ANTONIO,TX,78218
,128 DINN,SAN ANTONIO,TX,78218
,16006 EAGLE,SAN ANTONIO,TX,78247
,16314 ELK GLEN,SAN ANTONIO,TX,78247
,911 ELKHORN,SAN ANTONIO,TX,78218
,4302 FIRST VIEW,SAN ANTONIO,TX,78217
,4315 FIRST VIEW,SAN ANTONIO,TX,78217
,16502 FOX KNOLL,SAN ANTONIO,TX,78247
,1806 GARYS PARK,SAN ANTONIO,TX,78247
,5204 GAWAIN,SAN ANTONIO,TX,78218
,7038 GLENDORA,SAN ANTONIO,TX,78218
,7206 GLENDORA,SAN ANTONIO,TX,78218
,3605 GREENLEAF,SAN ANTONIO,TX,78218
,5006 GUINEVERE,SAN ANTONIO,TX,78218
,5051 GUINEVERE,SAN ANTONIO,TX,78218
,5134 GUINEVERE,SAN ANTONIO,TX,78218
,13547 HARVEST BEND,SAN ANTONIO,TX,78217
,5910 HILLMAN,SAN ANTONIO,TX,78218
,9514 HILLSBORO,SAN ANTONIO,TX,78217
,4279 HILTON HEAD,SAN ANTONIO,TX,78217
,4427 HILTON HEAD,SAN ANTONIO,TX,78217
,3715 HUNDRED OAKS,SAN ANTONIO,TX,78217
,16535 HUNTING GLEN,SAN ANTONIO,TX,78247
,102 HUXLEY,SAN ANTONIO,TX,78218
,10819 INDIGO CRK,SAN ANTONIO,TX,78239
,17031 IRONGATE RAIL,SAN ANTONIO,TX,78247
,12402 JACOBS POND,SAN ANTONIO,TX,78253
,14606 JONES MALTSBERGER,SAN ANTONIO,TX,78247
,12502 KAVA KNOLL,SAN ANTONIO,TX,78253
,5710 KISSING OAK,SAN ANTONIO,TX,78247
,11826 KNOBSBY,SAN ANTONIO,TX,78253
,2746 KNOLL TREE,SAN ANTONIO,TX,78247
,10970 LAKE PATH,SAN ANTONIO,TX,78217
,12422 LAKE WHITNEY,SAN ANTONIO,TX,78253
,202 LANARK,SAN ANTONIO,TX,78218
,506 LANARK,SAN ANTONIO,TX,78218
,4162 LANDMARK,SAN ANTONIO,TX,78218
,10822 LAZY OAKS,SAN ANTONIO,TX,78217
,10826 LAZY OAKS,SAN ANTONIO,TX,78217
,15639 LEGEND SPRINGS,SAN ANTONIO,TX,78247
,4419 LONGVALE,SAN ANTONIO,TX,78217
,6722 LUCERNE,SAN ANTONIO,TX,78218
,10502 LUDLOW,SAN ANTONIO,TX,78239
,6134 MACKENZIE,SAN ANTONIO,TX,78247
,9235 MARYMONT PARK,SAN ANTONIO,TX,78217
,9245 MARYMONT PARK,SAN ANTONIO,TX,78217
,3854 MAVERICK CREEK,SAN ANTONIO,TX,78247
,10811 MEADOW,SAN ANTONIO,TX,78239
,12643 MEXICAN PLUM,SAN ANTONIO,TX,78253
,140 MIAMI,SAN ANTONIO,TX,78218
,5898 MIDCROWN,SAN ANTONIO,TX,78218
,12718 MIDDLE,SAN ANTONIO,TX,78217
,119 MIDDLEBURY,SAN ANTONIO,TX,78217
,4414 MOANA,SAN ANTONIO,TX,78218
,3243 NACOGDOCHES,SAN ANTONIO,TX,78217
,11906 NACOGDOCHES,SAN ANTONIO,TX,78217
,11911 NACOGDOCHES,SAN ANTONIO,TX,78217
,16402 NACOGDOCHES,SAN ANTONIO,TX,78247
,4915 NUTHATCH,SAN ANTONIO,TX,78217
,4606 OAK CLIMB,SAN ANTONIO,TX,78217
,1318 OAKCASK,SAN ANTONIO,TX,78253
,16310 OLD STABLE,SAN ANTONIO,TX,78247
,926 PALLADIO PLACE,SAN ANTONIO,TX,78253
,4323 PARKWOOD,SAN ANTONIO,TX,78218
,4426 PEBBLE HILL,SAN ANTONIO,TX,78217
,13703 PEBBLE WALK,SAN ANTONIO,TX,78217
,13726 PLAYER,SAN ANTONIO,TX,78217
,5234 PRINCE VALIANT,SAN ANTONIO,TX,78218
,231 RADIANCE,SAN ANTONIO,TX,78218
,251 RADIANCE,SAN ANTONIO,TX,78218
,523 RADIANCE,SAN ANTONIO,TX,78218
,8110 RAIN FOREST,SAN ANTONIO,TX,78239
,112 REMOUNT,SAN ANTONIO,TX,78218
,152 REMOUNT,SAN ANTONIO,TX,78218
,164 REMOUNT,SAN ANTONIO,TX,78218
,191 REMOUNT,SAN ANTONIO,TX,78218
,200 REMOUNT,SAN ANTONIO,TX,78218
,1 RENWICK,SAN ANTONIO,TX,78218
,11723 RIPPLEWOOD,SAN ANTONIO,TX,78253
,16327 ROSS OAK,SAN ANTONIO,TX,78247
,5813 ROYAL RIDGE,SAN ANTONIO,TX,78239
,6027 ROYAL RIDGE,SAN ANTONIO,TX,78239
,3022 VALLEY VIEW,SAN ANTONIO,TX,78217
,5802 SKY COUNTRY,SAN ANTONIO,TX,78247
,12723 SKYLINE,SAN ANTONIO,TX,78217
,12911 SKYLINE,SAN ANTONIO,TX,78217
,14103 SMOKEY,SAN ANTONIO,TX,78217
,5751 SPRING SUNSHINE,SAN ANTONIO,TX,78247
,4424 STAHL,SAN ANTONIO,TX,78217
,12118 STONEY ASH,SAN ANTONIO,TX,78247
,12134 STONEY,SAN ANTONIO,TX,78247
,3446 STONEY DAWN,SAN ANTONIO,TX,78247
,3530 STONEY MEADOW,SAN ANTONIO,TX,78247
,3305 STONEY SQ,SAN ANTONIO,TX,78247
,12158 STONEY SUMMIT,SAN ANTONIO,TX,78247
,4611 STONEY,SAN ANTONIO,TX,78217
,5106 STORMY HILLS,SAN ANTONIO,TX,78247
,4407 SUMMER WIND,SAN ANTONIO,TX,78217
,926 SUMNER,SAN ANTONIO,TX,78218
,4414 SUN GATE,SAN ANTONIO,TX,78217
,4101 SWANS LANDING,SAN ANTONIO,TX,78217
,4006 TALLULAH,SAN ANTONIO,TX,78218
,4519 TALLULAH,SAN ANTONIO,TX,78218
,28 THORNHURST,SAN ANTONIO,TX,78218
,534 TIMBERLANE,SAN ANTONIO,TX,78218
,3315 TREE GROVE,SAN ANTONIO,TX,78247
,4006 TROPICAL,SAN ANTONIO,TX,78218
,4130 TROPICAL,SAN ANTONIO,TX,78218
,3436 TWISTED OAKS,SAN ANTONIO,TX,78217
,3707 VAN DYKE,SAN ANTONIO,TX,78218
,5170 VILLAGE GREEN,SAN ANTONIO,TX,78218
,5026 VILLAGE PATH,SAN ANTONIO,TX,78218
,12203 VIOLET,SAN ANTONIO,TX,78247
,4211 WAIKIKI,SAN ANTONIO,TX,78218
,16031 WALNUT CREEK,SAN ANTONIO,TX,78247
,10615 WAYWARD,SAN ANTONIO,TX,78217
,38 WESTERLEIGH,SAN ANTONIO,TX,78218
,39 WESTERLEIGH,SAN ANTONIO,TX,78218
,4623 WETZ,SAN ANTONIO,TX,78217
,4638 WETZ,SAN ANTONIO,TX,78217
,6300 WILLOW HILL,SAN ANTONIO,TX,78247
,7619 WINDSOR OAKS,SAN ANTONIO,TX,78239
,13819 WONDERING OAK,SAN ANTONIO,TX,78247
,13843 WONDERING OAK,SAN ANTONIO,TX,78247
,5818 WOODGREEN,SAN ANTONIO,TX,78218
,4806 WORDSWORTH,SAN ANTONIO,TX,78217
,9122 AUTUMN LEAF,SAN ANTONIO,TX,78217
,6709 BROTHERS,SAN ANTONIO,TX,78239
,6713 BROTHERS,SAN ANTONIO,TX,78239
,6715 BROTHERS,SAN ANTONIO,TX,78239
,5234 GAWAIN,SAN ANTONIO,TX,78218
,2 KENSINGTON,SAN ANTONIO,TX,78218
,15410 LONG CRK,SAN ANTONIO,TX,78247
,3715 MARYMONT,SAN ANTONIO,TX,78217
,3714 MARYMONT,SAN ANTONIO,TX,78217
,7 MILDENHALL,SAN ANTONIO,TX,78218
,116 OAKWELL FARMS,SAN ANTONIO,TX,78218
,1 STAFFORD,SAN ANTONIO,TX,78217
,7547 WINDSOR OAKS,SAN ANTONIO,TX,78239
,7627 WINDSOR OAKS,SAN ANTONIO,TX,78239
,12503 LAKE WHITNEY,SAN ANTONIO,TX,78253
,5 PVT,SAN ANTONIO,TX,78253
,935 SPELLO,SAN ANTONIO,TX,78253
,131 BALSA DI PRATO,SAN ANTONIO,TX,78253
,160 NESTING CANYON,SAN ANTONIO,TX,78253
,7550 OAK CHASE,SAN ANTONIO,TX,78239
,7550 OAK CHASE,SAN ANTONIO,TX,78239
,7565 WINDSOR OAKS,SAN ANTONIO,TX,78239
,7577 WINDSOR OAKS,SAN ANTONIO,TX,78239
,7579 WINDSOR OAKS,SAN ANTONIO,TX,78239
,7581 WINDSOR OAKS,SAN ANTONIO,TX,78239
,7654 OAK CHASE,SAN ANTONIO,TX,78239
,7710 CLAY RIDGE,SAN ANTONIO,TX,78239
,7731 SKYLINE RIDGE,SAN ANTONIO,TX,78239
,7806 FALCON RIDGE,SAN ANTONIO,TX,78239
,8333 FOREST RIDGE,SAN ANTONIO,TX,78239
,8425 DIXON RIDGE,SAN ANTONIO,TX,78239
,8446 DIXON RIDGE,SAN ANTONIO,TX,78239
,8466 CASCADE RIDGE,SAN ANTONIO,TX,78239
,8506 SERENE RIDGE,SAN ANTONIO,TX,78239
,8743 RIDGE MOON,SAN ANTONIO,TX,78239
,4315 TAMARON PARK,SAN ANTONIO,TX,78253
,4410 LEGEND HTS,SAN ANTONIO,TX,78253
,4802 LEGEND HTS,SAN ANTONIO,TX,78253
,6540 MICHAEL,SAN ANTONIO,TX,78253
,6551 MICHAEL,SAN ANTONIO,TX,78253
,13635 ELM FORREST,SAN ANTONIO,TX,78253
,13547 ELM FORREST,SAN ANTONIO,TX,78253
,13555 ELM FORREST,SAN ANTONIO,TX,78253
,13634 OWL TREE,SAN ANTONIO,TX,78253
,13718 TURTLE CROSS,SAN ANTONIO,TX,78253
,13750 OWL TREE,SAN ANTONIO,TX,78253
,14720 CARTWRIGHT,SAN ANTONIO,TX,78253
,14890 CARTWRIGHT,SAN ANTONIO,TX,78253
,14920 MESQUITE,SAN ANTONIO,TX,78253
,15070 ROSA,SAN ANTONIO,TX,78253
,15206 MESQUITE,SAN ANTONIO,TX,78253
,15247 MESQUITE,SAN ANTONIO,TX,78253
,15306 ROSA,SAN ANTONIO,TX,78253
,15315 CARTWRIGHT,SAN ANTONIO,TX,78253
,15316 MESQUITE,SAN ANTONIO,TX,78253
,15426 ROSA,SAN ANTONIO,TX,78253
,15712 TAMARON PASS,SAN ANTONIO,TX,78253
,7664 OAK CHASE,SAN ANTONIO,TX,78239
,6205 MALIBU,SAN ANTONIO,TX,78239
,6443 DEW,SAN ANTONIO,TX,78239
,6447 DAVID,SAN ANTONIO,TX,78239
,6607 BARTON ROCK,SAN ANTONIO,TX,78239
,6711 BADGER PASS,SAN ANTONIO,TX,78239
,6727 BADGER PASS,SAN ANTONIO,TX,78239
,6734 LEYLAND,SAN ANTONIO,TX,78239
,6819 RIVULET,SAN ANTONIO,TX,78239
,6823 BUCKLEY,SAN ANTONIO,TX,78239
,8434 GLEN BREEZE,SAN ANTONIO,TX,78239
,8510 VILLA,SAN ANTONIO,TX,78239
,8418 VILLA,SAN ANTONIO,TX,78239
,8419 GLEN BREEZE,SAN ANTONIO,TX,78239
,8514 NORTHMONT,SAN ANTONIO,TX,78239
,8542 BRAEWICK,SAN ANTONIO,TX,78239
,8707 KENTSDALE,SAN ANTONIO,TX,78239
,8714 NEW WORLD,SAN ANTONIO,TX,78239
,6426 SUZANNE,SAN ANTONIO,TX,78239
,6427 SUZANNE,SAN ANTONIO,TX,78239
,6458 DEW,SAN ANTONIO,TX,78239
,6471 MONTGOMERY,SAN ANTONIO,TX,78239
,6522 ECHO FOREST,SAN ANTONIO,TX,78239
,6762 MONTGOMERY,SAN ANTONIO,TX,78239
,6806 STOCKPORT,SAN ANTONIO,TX,78239
,6808 NESTON,SAN ANTONIO,TX,78239
,6808 STOCKPORT,SAN ANTONIO,TX,78239
,6813 STOCKPORT,SAN ANTONIO,TX,78239
,6822 OLDHAM,SAN ANTONIO,TX,78239
,6828 NESTON,SAN ANTONIO,TX,78239
,6830 LAGUNA VERDE,SAN ANTONIO,TX,78239
,6831 OLDHAM,SAN ANTONIO,TX,78239
,6835 STOCKPORT,SAN ANTONIO,TX,78239
,6906 NESTON,SAN ANTONIO,TX,78239
,6907 ASHBROOK,SAN ANTONIO,TX,78239
,6911 NESTON,SAN ANTONIO,TX,78239
,6919 STOCKPORT,SAN ANTONIO,TX,78239
,7001 GLEN PARK,SAN ANTONIO,TX,78239
,7036 GLEN MIST,SAN ANTONIO,TX,78239
,7130 CORK,SAN ANTONIO,TX,78239
,7131 GLEN,SAN ANTONIO,TX,78239
,7212 GLEN MIST,SAN ANTONIO,TX,78239
,7234 GLEN BAY,SAN ANTONIO,TX,78239
,7239 GLEN BAY,SAN ANTONIO,TX,78239
,7303 RUBENS,SAN ANTONIO,TX,78239
,7314 GLEN HAVEN,SAN ANTONIO,TX,78239
,7318 GLEN HAVEN,SAN ANTONIO,TX,78239
,7318 RUBENS,SAN ANTONIO,TX,78239
,7330 GLEN CROFT,SAN ANTONIO,TX,78239
,7331 GLEN HTS,SAN ANTONIO,TX,78239
,7339 RUBENS,SAN ANTONIO,TX,78239
,7531 TARRASA,SAN ANTONIO,TX,78239
,7622 GLEN VISTA,SAN ANTONIO,TX,78239
,7631 GLEN VISTA,SAN ANTONIO,TX,78239
,7662 GLEN SHIRE,SAN ANTONIO,TX,78239
,7706 GLEN MEADOW,SAN ANTONIO,TX,78239
,7710 GLEN MEADOW,SAN ANTONIO,TX,78239
,7735 QUAIL HILL,SAN ANTONIO,TX,78239
,7806 SAREPTO,SAN ANTONIO,TX,78239
,8007 SHADOW FOREST,SAN ANTONIO,TX,78239
,8014 PEALE,SAN ANTONIO,TX,78239
,8015 CHIPPING,SAN ANTONIO,TX,78239
,8017 CHIPPING,SAN ANTONIO,TX,78239
,7826 BROADWICK,SAN ANTONIO,TX,78239
,7834 NEW WORLD,SAN ANTONIO,TX,78239
,8030 WINSFORD,SAN ANTONIO,TX,78239
,8103 CHIPPING,SAN ANTONIO,TX,78239
,8126 WHISTLER,SAN ANTONIO,TX,78239
,7943 BROADWICK,SAN ANTONIO,TX,78239
,8222 LITTLE PORT,SAN ANTONIO,TX,78239
,8318 GLEN BREEZE,SAN ANTONIO,TX,78239
,8323 BALLANTRAE,SAN ANTONIO,TX,78239
,8342 GREENHAM,SAN ANTONIO,TX,78239
,8404 MICHELLE,SAN ANTONIO,TX,78239
,13222 CIPRESSO PALCO,SAN ANTONIO,TX,78253
,6725 WALZEM,SAN ANTONIO,TX,78239
,6725 WALZEM,SAN ANTONIO,TX,78239
,6725 WALZEM,SAN ANTONIO,TX,78239
,7300 GLEN HART,SAN ANTONIO,TX,78239
,7619 GLEN MONT,SAN ANTONIO,TX,78239
,6881 MONTGOMERY,SAN ANTONIO,TX,78239
,7834 NEW WORLD,SAN ANTONIO,TX,78239
,8410 MONTGOMERY,SAN ANTONIO,TX,78239
,8443 MONTGOMERY,SAN ANTONIO,TX,78239
,8510 MONTGOMERY,SAN ANTONIO,TX,78239
,6435 LAURA,SAN ANTONIO,TX,78239
,15230 MESQUITE,SAN ANTONIO,TX,78253
,6718 HOP SING,SAN ANTONIO,TX,78253
,6718 HOP SING,SAN ANTONIO,TX,78253
,7500 TALLEY,SAN ANTONIO,TX,78253
,7510 TALLEY,SAN ANTONIO,TX,78253
,7510 TALLEY,SAN ANTONIO,TX,78253
,13531 ELM FORREST,SAN ANTONIO,TX,78253
,13735 OWL TREE,SAN ANTONIO,TX,78253
,6725 WALZEM,SAN ANTONIO,TX,78239
,7151 WOODLAKE,SAN ANTONIO,TX,78218
,4014 CR 382,SAN ANTONIO,TX,78253
,4104 CR 3841,SAN ANTONIO,TX,78253
,7625 WINDSOR OAKS,SAN ANTONIO,TX,78239
,7151 WOODLAKE,SAN ANTONIO,TX,78218
,14949 CARTWRIGHT,SAN ANTONIO,TX,78253
,6725 WALZEM,SAN ANTONIO,TX,78239
,6725 WALZEM,SAN ANTONIO,TX,78239
,6725 WALZEM,SAN ANTONIO,TX,78239
,6725 WALZEM,SAN ANTONIO,TX,78239
,5910 AMBER ROSE,SAN ANTONIO,TX,78253
,3415 COAHUILA,SAN ANTONIO,TX,78253
,2055 COTTONWOOD,SAN ANTONIO,TX,78253
,15335 NIGHT HERON,SAN ANTONIO,TX,78253
,9605 MILLERS RDG,SAN ANTONIO,TX,78239
,6725 WALZEM,SAN ANTONIO,TX,78239
,6246 TRAVIS SUMMIT,SAN ANTONIO,TX,78218
,8201 DUBLIN FOREST,SAN ANTONIO,TX,78253
,2170 2ND,SAN ANTONIO,TX,78221
,114 AARON PLACE,SAN ANTONIO,TX,78221
,211 AARON PLACE,SAN ANTONIO,TX,78221
,322 AARON PLACE,SAN ANTONIO,TX,78221
,330 AARON PLACE,SAN ANTONIO,TX,78221
,519 AARON PLACE,SAN ANTONIO,TX,78221
,902 AARON PLACE,SAN ANTONIO,TX,78221
,1214 AARON PLACE,SAN ANTONIO,TX,78221
,302 ADOLPH,SAN ANTONIO,TX,78211
,113 AGANIER,SAN ANTONIO,TX,78212
,931 AGANIER,SAN ANTONIO,TX,78212
,238 AGNES,SAN ANTONIO,TX,78212
,300 ALAMEDA,OLMOS PARK,TX,78212
,400 ALAMEDA,OLMOS PARK,TX,78212
,3240 ALGO DULCE,SAN ANTONIO,TX,78211
,110 ALLISON,SAN ANTONIO,TX,78212
,226 AMANDA,SAN ANTONIO,TX,78220
,402 AMANDA,SAN ANTONIO,TX,78220
,206 ANNIE,SAN ANTONIO,TX,78212
,220 ANNIE,SAN ANTONIO,TX,78212
,8622 ANSLEY PLACE,SAN ANTONIO,TX,78221
,2242 ARANSAS,SAN ANTONIO,TX,78220
,2326 ARANSAS,SAN ANTONIO,TX,78220
,2430 ARANSAS,SAN ANTONIO,TX,78220
,4610 ARGONNE,SAN ANTONIO,TX,78220
,4614 ARGONNE,SAN ANTONIO,TX,78220
,1330 ARROW STONE,SAN ANTONIO,TX,78258
,331 ASTORIA,SAN ANTONIO,TX,78220
,363 ASTORIA,SAN ANTONIO,TX,78220
,731 ATLANTA,SAN ANTONIO,TX,78212
,10707 AULDINE,SAN ANTONIO,TX,78230
,523 AURELIA,SAN ANTONIO,TX,78220
,7548 AUTUMN PARK,SAN ANTONIO,TX,78249
,211 BAKER,SAN ANTONIO,TX,78211
,238 BAKER,SAN ANTONIO,TX,78211
,335 BAKER,SAN ANTONIO,TX,78211
,8635 BASCUM,SAN ANTONIO,TX,78221
,1238 BASSE,SAN ANTONIO,TX,78212
,4930 BAYHEAD,SAN ANTONIO,TX,78220
,4939 BAYHEAD,SAN ANTONIO,TX,78220
,4947 BAYHEAD,SAN ANTONIO,TX,78220
,2922 BEACON,SAN ANTONIO,TX,78212
,3006 BEACON,SAN ANTONIO,TX,78212
,306 BEAM,SAN ANTONIO,TX,78221
,23428 BEAVER CRK,SAN ANTONIO,TX,78258
,7507 BEAVER TREE,SAN ANTONIO,TX,78249
,7563 BEAVER TREE,SAN ANTONIO,TX,78249
,16179 BELEN,SAN ANTONIO,TX,78221
,108 BELLINGER,SAN ANTONIO,TX,78220
,236 BELVIDERE,OLMOS PARK,TX,78212
,306 BELVIDERE,OLMOS PARK,TX,78212
,4955 BENHAM,SAN ANTONIO,TX,78220
,303 BERLIN,SAN ANTONIO,TX,78211
,323 BERLIN,SAN ANTONIO,TX,78211
,415 BERLIN,SAN ANTONIO,TX,78211
,622 BERLIN,SAN ANTONIO,TX,78211
,714 BERLIN,SAN ANTONIO,TX,78211
,801 BERLIN,SAN ANTONIO,TX,78211
,1022 BERLIN,SAN ANTONIO,TX,78211
,1202 BERLIN,SAN ANTONIO,TX,78211
,1222 BERLIN,SAN ANTONIO,TX,78211
,1550 WW WHITE,SAN ANTONIO,TX,78220
,4623 BERNADINE,SAN ANTONIO,TX,78220
,4718 BERNADINE,SAN ANTONIO,TX,78220
,5014 BERNADINE,SAN ANTONIO,TX,78220
,731 BERNARD,SAN ANTONIO,TX,78221
,807 BERNARD,SAN ANTONIO,TX,78221
,907 BERNARD,SAN ANTONIO,TX,78221
,938 BERNARD,SAN ANTONIO,TX,78221
,6617 BISCAY BAY,SAN ANTONIO,TX,78249
,4606 BLACK OAK WOODS,SAN ANTONIO,TX,78249
,302 RED CEDAR,SHAVANO PARK,TX,78230
,315 BLANCO,SAN ANTONIO,TX,78212
,319 BLANCO,SAN ANTONIO,TX,78212
,2170 BLUE WING,SAN ANTONIO,TX,78221
,3107 BLUEFIELD,SAN ANTONIO,TX,78230
,7323 BLUESTONE,SAN ANTONIO,TX,78249
,207 BOX OAK,SHAVANO PARK,TX,78230
,219 BOX OAK,SHAVANO PARK,TX,78230
,223 BOX OAK,SHAVANO PARK,TX,78230
,323 BOX OAK,SHAVANO PARK,TX,78230
,331 BOX OAK,SHAVANO PARK,TX,78230
,309 BRADLEY,SAN ANTONIO,TX,78211
,204 BRANCH OAK,SHAVANO PARK,TX,78230
,212 BRANCH OAK,SHAVANO PARK,TX,78230
,230 BRANCH OAK,SHAVANO PARK,TX,78230
,231 BRANCH OAK,SHAVANO PARK,TX,78230
,240 BRANCH OAK,SHAVANO PARK,TX,78230
,247 BRANCH OAK,SHAVANO PARK,TX,78230
,325 BRANCH OAK,SHAVANO PARK,TX,78230
,333 BRANCH OAK,SHAVANO PARK,TX,78230
,108 BRETFORD,SAN ANTONIO,TX,78230
,137 BRIGGS,SAN ANTONIO,TX,78211
,220 BRIGGS,SAN ANTONIO,TX,78211
,227 BRIGGS,SAN ANTONIO,TX,78211
,259 BRIGGS,SAN ANTONIO,TX,78211
,261 BRIGGS,SAN ANTONIO,TX,78211
,341 BRIGGS,SAN ANTONIO,TX,78211
,532 BRIGGS,SAN ANTONIO,TX,78211
,638 BRIGGS,SAN ANTONIO,TX,78211
,718 BRIGGS,SAN ANTONIO,TX,78211
,954 BRIGHTON,SAN ANTONIO,TX,78211
,1131 BRIGHTON,SAN ANTONIO,TX,78211
,1201 BRIGHTON,SAN ANTONIO,TX,78211
,1243 BRIGHTON,SAN ANTONIO,TX,78211
,1244 BRIGHTON,SAN ANTONIO,TX,78211
,1254 BRIGHTON,SAN ANTONIO,TX,78211
,1306 BRIGHTON,SAN ANTONIO,TX,78211
,1330 BRIGHTON,SAN ANTONIO,TX,78211
,1532 BRIGHTON,SAN ANTONIO,TX,78211
,1546 BRIGHTON,SAN ANTONIO,TX,78211
,1124 BRUNSWICK,SAN ANTONIO,TX,78211
,1136 BRUNSWICK,SAN ANTONIO,TX,78211
,1172 BRUNSWICK,SAN ANTONIO,TX,78211
,1216 BRUNSWICK,SAN ANTONIO,TX,78211
,1302 BRUNSWICK,SAN ANTONIO,TX,78211
,1822 BUFFALO,SAN ANTONIO,TX,78211
,106 BUNDY,SAN ANTONIO,TX,78220
,247 BUNDY,SAN ANTONIO,TX,78220
,375 BUNDY,SAN ANTONIO,TX,78220
,430 BUNDY,SAN ANTONIO,TX,78220
,506 BUNDY,SAN ANTONIO,TX,78220
,538 BUNDY,SAN ANTONIO,TX,78220
,10323 BURR OAK,SAN ANTONIO,TX,78230
,310 BURTON,SAN ANTONIO,TX,78221
,314 BURTON,SAN ANTONIO,TX,78221
,203 BUSHNELL,SAN ANTONIO,TX,78212
,215 BUSHNELL,SAN ANTONIO,TX,78212
,129 BYNUM,SAN ANTONIO,TX,78211
,855 BYNUM,SAN ANTONIO,TX,78211
,231 CADDO,SAN ANTONIO,TX,78211
,126 CALMAR,SAN ANTONIO,TX,78220
,912 CAMARON,SAN ANTONIO,TX,78212
,122 CANTRELL,SAN ANTONIO,TX,78221
,439 CANTRELL,SAN ANTONIO,TX,78221
,622 CANTRELL,SAN ANTONIO,TX,78221
,811 CANTRELL,SAN ANTONIO,TX,78221
,830 CANTRELL,SAN ANTONIO,TX,78221
,831 CANTRELL,SAN ANTONIO,TX,78221
,147 CARDIFF,SAN ANTONIO,TX,78220
,510 CAROL CREST,SAN ANTONIO,TX,78220
,526 CAROL CREST,SAN ANTONIO,TX,78220
,7242 CARRIAGE MIST,SAN ANTONIO,TX,78249
,5907 CEDAR PATH,SAN ANTONIO,TX,78249
,1031 CHALMERS,SAN ANTONIO,TX,78211
,1214 CHALMERS,SAN ANTONIO,TX,78211
,1230 CHALMERS,SAN ANTONIO,TX,78211
,1251 CHALMERS,SAN ANTONIO,TX,78211
,1257 CHALMERS,SAN ANTONIO,TX,78211
,1263 CHALMERS,SAN ANTONIO,TX,78211
,1337 CHALMERS,SAN ANTONIO,TX,78211
,1342 CHALMERS,SAN ANTONIO,TX,78211
,1405 CHALMERS,SAN ANTONIO,TX,78211
,234 CHARCLIFF,SAN ANTONIO,TX,78220
,318 CHARCLIFF,SAN ANTONIO,TX,78220
,355 CHARCLIFF,SAN ANTONIO,TX,78220
,4526 CHARLES WILLIAMS PLACE,SAN ANTONIO,TX,78220
,108 CHERRY BARK,SHAVANO PARK,TX,78230
,122 CINNAMON OAK,SHAVANO PARK,TX,78230
,311 CINNAMON OAK,SHAVANO PARK,TX,78230
,1934 CLAMP,SAN ANTONIO,TX,78221
,208 CLARENDON,SAN ANTONIO,TX,78211
,207 CLOVIS PLACE,SAN ANTONIO,TX,78221
,235 CLOVIS PLACE,SAN ANTONIO,TX,78221
,314 CLOVIS PLACE,SAN ANTONIO,TX,78221
,318 CLOVIS PLACE,SAN ANTONIO,TX,78221
,507 CLOVIS PLACE,SAN ANTONIO,TX,78221
,611 CLOVIS PLACE,SAN ANTONIO,TX,78221
,635 CLOVIS PLACE,SAN ANTONIO,TX,78221
,3026 COCONINO,SAN ANTONIO,TX,78211
,3107 COCONINO,SAN ANTONIO,TX,78211
,3119 COCONINO,SAN ANTONIO,TX,78211
,3307 COCONINO,SAN ANTONIO,TX,78211
,3335 COCONINO,SAN ANTONIO,TX,78211
,3107 COLONY,SAN ANTONIO,TX,78230
,3720 COLONY,SAN ANTONIO,TX,78230
,1235 COMMERCIAL,SAN ANTONIO,TX,78221
,1247 COMMERCIAL,SAN ANTONIO,TX,78221
,3409 COMMERCIAL,SAN ANTONIO,TX,78221
,3531 COMMERCIAL,SAN ANTONIO,TX,78221
,3549 COMMERCIAL,SAN ANTONIO,TX,78221
,4335 COMMERCIAL,SAN ANTONIO,TX,78221
,331 COMO,SAN ANTONIO,TX,78220
,406 COMO,SAN ANTONIO,TX,78220
,407 COMO,SAN ANTONIO,TX,78220
,419 COMO,SAN ANTONIO,TX,78220
,425 COMO,SAN ANTONIO,TX,78220
,431 COMO,SAN ANTONIO,TX,78220
,542 COMO,SAN ANTONIO,TX,78220
,563 COMO,SAN ANTONIO,TX,78220
,570 COMO,SAN ANTONIO,TX,78220
,2810 CORK,SAN ANTONIO,TX,78230
,238 CORLISS,SAN ANTONIO,TX,78220
,443 CORLISS,SAN ANTONIO,TX,78220
,527 CORLISS,SAN ANTONIO,TX,78220
,530 CORLISS,SAN ANTONIO,TX,78220
,534 CORLISS,SAN ANTONIO,TX,78220
,618 CORLISS,SAN ANTONIO,TX,78220
,215 COVINGTON,SAN ANTONIO,TX,78220
,263 COVINGTON,SAN ANTONIO,TX,78220
,158 CREE,SAN ANTONIO,TX,78211
,3910 CREEK FOREST,SAN ANTONIO,TX,78230
,4518 CREEKMOOR,SAN ANTONIO,TX,78220
,4806 CREEKMOOR,SAN ANTONIO,TX,78220
,8206 CREEKRUN PATH,SAN ANTONIO,TX,78249
,205 CRESTHILL,SAN ANTONIO,TX,78220
,125 CRESWELL,SAN ANTONIO,TX,78220
,131 CRESWELL,SAN ANTONIO,TX,78220
,222 CRESWELL,SAN ANTONIO,TX,78220
,407 CRESWELL,SAN ANTONIO,TX,78220
,813 CRYSTAL,SAN ANTONIO,TX,78211
,823 CRYSTAL,SAN ANTONIO,TX,78211
,914 CRYSTAL,SAN ANTONIO,TX,78211
,1023 CRYSTAL,SAN ANTONIO,TX,78211
,1139 CRYSTAL,SAN ANTONIO,TX,78211
,1257 CRYSTAL,SAN ANTONIO,TX,78211
,1342 CRYSTAL,SAN ANTONIO,TX,78211
,1416 CRYSTAL,SAN ANTONIO,TX,78211
,818 CULLIN,SAN ANTONIO,TX,78221
,906 CULLIN,SAN ANTONIO,TX,78221
,7514 CUPFLOWER,SAN ANTONIO,TX,78249
,166 DAFOSTE,SAN ANTONIO,TX,78220
,150 DANIEL,SAN ANTONIO,TX,78220
,153 DANIEL,SAN ANTONIO,TX,78220
,13203 DANVERS,SAN ANTONIO,TX,78249
,127 DEAN,SAN ANTONIO,TX,78212
,906 DEELY PLACE,SAN ANTONIO,TX,78221
,911 DEELY PLACE,SAN ANTONIO,TX,78221
,13343 DEER FALLS,SAN ANTONIO,TX,78249
,330 DEVINE,OLMOS PARK,TX,78212
,410 DEVINE,OLMOS PARK,TX,78212
,13303 DIME,SAN ANTONIO,TX,78249
,939 DODIC PLACE,SAN ANTONIO,TX,78221
,943 DODIC PLACE,SAN ANTONIO,TX,78221
,1427 DONALD AARON,SAN ANTONIO,TX,78221
,1443 DONALD AARON,SAN ANTONIO,TX,78221
,1522 DONALD AARON,SAN ANTONIO,TX,78221
,1535 DONALD AARON,SAN ANTONIO,TX,78221
,145 DOOLITTLE,SAN ANTONIO,TX,78211
,234 DOOLITTLE,SAN ANTONIO,TX,78211
,261 DOOLITTLE,SAN ANTONIO,TX,78211
,374 DOOLITTLE,SAN ANTONIO,TX,78211
,215 DORA,SAN ANTONIO,TX,78212
,224 DORA,SAN ANTONIO,TX,78212
,238 DORA,SAN ANTONIO,TX,78212
,123 DORIE,SAN ANTONIO,TX,78220
,135 DORIE,SAN ANTONIO,TX,78220
,139 DORIE,SAN ANTONIO,TX,78220
,143 DORIE,SAN ANTONIO,TX,78220
,247 DORIE,SAN ANTONIO,TX,78220
,351 DORIE,SAN ANTONIO,TX,78220
,391 DORIE,SAN ANTONIO,TX,78220
,422 DORIE,SAN ANTONIO,TX,78220
,134 DORSEY,SAN ANTONIO,TX,78221
,209 DORSEY,SAN ANTONIO,TX,78221
,10126 DREAMLAND,SAN ANTONIO,TX,78230
,11303 DREAMLAND,SAN ANTONIO,TX,78230
,107 DRURY,SAN ANTONIO,TX,78221
,122 DRURY,SAN ANTONIO,TX,78221
,213 DRURY,SAN ANTONIO,TX,78221
,322 DRURY,SAN ANTONIO,TX,78221
,336 DRURY,SAN ANTONIO,TX,78221
,419 DRURY,SAN ANTONIO,TX,78221
,834 DRURY,SAN ANTONIO,TX,78221
,1303 DRURY,SAN ANTONIO,TX,78221
,1327 DRURY,SAN ANTONIO,TX,78221
,1419 DRURY,SAN ANTONIO,TX,78221
,1431 DRURY,SAN ANTONIO,TX,78221
,4239 DYSART,SAN ANTONIO,TX,78220
,139 ACKARD PLACE,SAN ANTONIO,TX,78221
,311 ACKARD PLACE,SAN ANTONIO,TX,78221
,223 AMBER PLACE,SAN ANTONIO,TX,78221
,231 AMBER PLACE,SAN ANTONIO,TX,78221
,254 AMBER PLACE,SAN ANTONIO,TX,78221
,215 ANSLEY,SAN ANTONIO,TX,78221
,501 ASHBY PLACE,SAN ANTONIO,TX,78212
,622 ASHBY PLACE,SAN ANTONIO,TX,78212
,646 ASHBY PLACE,SAN ANTONIO,TX,78212
,647 ASHBY PLACE,SAN ANTONIO,TX,78212
,605 CONTOUR,SAN ANTONIO,TX,78212
,619 CONTOUR,SAN ANTONIO,TX,78212
,639 CONTOUR,SAN ANTONIO,TX,78212
,701 CONTOUR,SAN ANTONIO,TX,78212
,711 CONTOUR,SAN ANTONIO,TX,78212
,715 CONTOUR,SAN ANTONIO,TX,78212
,721 CONTOUR,SAN ANTONIO,TX,78212
,835 CONTOUR,SAN ANTONIO,TX,78212
,845 CONTOUR,SAN ANTONIO,TX,78212
,847 CONTOUR,SAN ANTONIO,TX,78212
,855 CONTOUR,SAN ANTONIO,TX,78212
,220 CRAIG PLACE,SAN ANTONIO,TX,78212
,420 CRAIG PLACE,SAN ANTONIO,TX,78212
,116 DEWEY PLACE,SAN ANTONIO,TX,78212
,511 DEWEY PLACE,SAN ANTONIO,TX,78212
,807 ELMIRA,SAN ANTONIO,TX,78212
,815 ELMIRA,SAN ANTONIO,TX,78212
,1115 ELMIRA,SAN ANTONIO,TX,78212
,1119 ELMIRA,SAN ANTONIO,TX,78212
,1127 ELMIRA,SAN ANTONIO,TX,78212
,104 ELSMERE PLACE,SAN ANTONIO,TX,78212
,311 EUCLID,SAN ANTONIO,TX,78212
,617 EUCLID,SAN ANTONIO,TX,78212
,315 EVERGREEN,SAN ANTONIO,TX,78212
,615 EVERGREEN,SAN ANTONIO,TX,78212
,239 FORMOSA,SAN ANTONIO,TX,78221
,355 FORMOSA,SAN ANTONIO,TX,78221
,427 FORMOSA,SAN ANTONIO,TX,78221
,100 GRAMERCY PLACE,SAN ANTONIO,TX,78212
,151 GRAMERCY PLACE,SAN ANTONIO,TX,78212
,247 HILDEBRAND,SAN ANTONIO,TX,78212
,110 HOLLYWOOD,SAN ANTONIO,TX,78212
,103 HUISACHE,SAN ANTONIO,TX,78212
,211 HUISACHE,SAN ANTONIO,TX,78212
,506 HUISACHE,SAN ANTONIO,TX,78212
,731 HUISACHE,SAN ANTONIO,TX,78212
,218 HUTCHINS PLACE,SAN ANTONIO,TX,78221
,250 HUTCHINS PLACE,SAN ANTONIO,TX,78221
,447 HUTCHINS PLACE,SAN ANTONIO,TX,78221
,119 KINGS HWY,SAN ANTONIO,TX,78212
,610 LOCUST,SAN ANTONIO,TX,78212
,760 LOCUST,SAN ANTONIO,TX,78212
,112 LYNWOOD,SAN ANTONIO,TX,78212
,414 MALLY,SAN ANTONIO,TX,78221
,534 MALLY,SAN ANTONIO,TX,78221
,217 MANDALAY,OLMOS PARK,TX,78212
,404 MANDALAY,OLMOS PARK,TX,78212
,619 MANDALAY,OLMOS PARK,TX,78212
,634 MANDALAY,OLMOS PARK,TX,78212
,409 MISTLETOE,SAN ANTONIO,TX,78212
,421 MISTLETOE,SAN ANTONIO,TX,78212
,425 MISTLETOE,SAN ANTONIO,TX,78212
,727 MISTLETOE,SAN ANTONIO,TX,78212
,740 MYRTLE,SAN ANTONIO,TX,78212
,436 OLMOS,OLMOS PARK,TX,78212
,604 OLMOS,OLMOS PARK,TX,78212
,614 OLMOS,OLMOS PARK,TX,78212
,620 OLMOS,OLMOS PARK,TX,78212
,624 OLMOS,OLMOS PARK,TX,78212
,703 OLMOS,OLMOS PARK,TX,78212
,721 OLMOS,OLMOS PARK,TX,78212
,727 OLMOS,OLMOS PARK,TX,78212
,622 PARK,SAN ANTONIO,TX,78212
,727 PARK,SAN ANTONIO,TX,78212
,733 PARK,SAN ANTONIO,TX,78212
,811 PARK,SAN ANTONIO,TX,78212
,815 PARK,SAN ANTONIO,TX,78212
,825 PARK,SAN ANTONIO,TX,78212
,165 PETALUMA,SAN ANTONIO,TX,78221
,318 PETALUMA,SAN ANTONIO,TX,78221
,727 PETALUMA,SAN ANTONIO,TX,78221
,263 ROSEWOOD,SAN ANTONIO,TX,78212
,315 ROSEWOOD,SAN ANTONIO,TX,78212
,422 ROSEWOOD,SAN ANTONIO,TX,78212
,427 RUSSELL PLACE,SAN ANTONIO,TX,78212
,251 VESTAL PLACE,SAN ANTONIO,TX,78221
,259 VESTAL PLACE,SAN ANTONIO,TX,78221
,302 VESTAL PLACE,SAN ANTONIO,TX,78221
,315 VILLARET,SAN ANTONIO,TX,78221
,434 VILLARET,SAN ANTONIO,TX,78221
,507 VILLARET,SAN ANTONIO,TX,78221
,107 WILDWOOD,OLMOS PARK,TX,78212
,212 WILDWOOD,OLMOS PARK,TX,78212
,215 WILDWOOD,OLMOS PARK,TX,78212
,306 WILDWOOD,OLMOS PARK,TX,78212
,400 WILDWOOD,OLMOS PARK,TX,78212
,407 WILDWOOD,OLMOS PARK,TX,78212
,333 WOODLAWN,SAN ANTONIO,TX,78212
,411 WOODLAWN,SAN ANTONIO,TX,78212
,411 WOODLAWN,SAN ANTONIO,TX,78212
,415 WOODLAWN,SAN ANTONIO,TX,78212
,103 EAGLE VAIL,SAN ANTONIO,TX,78258
,219 EDNA,SAN ANTONIO,TX,78220
,231 EDNA,SAN ANTONIO,TX,78220
,247 EDNA,SAN ANTONIO,TX,78220
,251 EDNA,SAN ANTONIO,TX,78220
,314 EDNA,SAN ANTONIO,TX,78220
,410 EDNA,SAN ANTONIO,TX,78220
,20910 EL SUELO BUENO,SAN ANTONIO,TX,78258
,21102 EL SUELO BUENO,SAN ANTONIO,TX,78258
,356 ELKS,SAN ANTONIO,TX,78211
,410 ELKS,SAN ANTONIO,TX,78211
,446 ELKS,SAN ANTONIO,TX,78211
,508 ELKS,SAN ANTONIO,TX,78211
,606 ELKS,SAN ANTONIO,TX,78211
,11511 ELM BLF,SAN ANTONIO,TX,78230
,11639 ELM RDG,SAN ANTONIO,TX,78230
,11650 ELM RDG,SAN ANTONIO,TX,78230
,11710 ELMSCOURT,SAN ANTONIO,TX,78230
,824 ELMWOOD,SAN ANTONIO,TX,78212
,150 EMILIE,SAN ANTONIO,TX,78221
,5000 ENTERPRISE,SAN ANTONIO,TX,78249
,707 ESCALON,SAN ANTONIO,TX,78221
,1500 ESCALON,SAN ANTONIO,TX,78221
,10406 ETHAN ALLEN,SAN ANTONIO,TX,78230
,4307 EULALEE,SAN ANTONIO,TX,78220
,550 F,SAN ANTONIO,TX,78220
,762 F,SAN ANTONIO,TX,78220
,766 F,SAN ANTONIO,TX,78220
,767 F,SAN ANTONIO,TX,78220
,919 F,SAN ANTONIO,TX,78220
,935 F,SAN ANTONIO,TX,78220
,3302 FAIRMEADOWS,SAN ANTONIO,TX,78211
,302 FARGO,SAN ANTONIO,TX,78220
,355 FARGO,SAN ANTONIO,TX,78220
,415 FARGO,SAN ANTONIO,TX,78220
,142 FAY,SAN ANTONIO,TX,78211
,328 FAY,PORT SAN ANTONIO,TX,78211
,714 FAY,SAN ANTONIO,TX,78211
,215 FELPS,SAN ANTONIO,TX,78221
,204 FENFIELD,SAN ANTONIO,TX,78211
,241 FENFIELD,SAN ANTONIO,TX,78211
,702 FENFIELD,SAN ANTONIO,TX,78211
,716 FENFIELD,SAN ANTONIO,TX,78211
,717 FENFIELD,SAN ANTONIO,TX,78211
,916 FENFIELD,SAN ANTONIO,TX,78211
,1112 FENFIELD,SAN ANTONIO,TX,78211
,1239 FENFIELD,SAN ANTONIO,TX,78211
,1302 FENFIELD,SAN ANTONIO,TX,78211
,123 FERRIS,SAN ANTONIO,TX,78220
,126 FERRIS,SAN ANTONIO,TX,78220
,142 FERRIS,SAN ANTONIO,TX,78220
,158 FERRIS,SAN ANTONIO,TX,78220
,271 FERRIS,SAN ANTONIO,TX,78220
,311 FERRIS,SAN ANTONIO,TX,78220
,319 FERRIS,SAN ANTONIO,TX,78220
,327 FERRIS,SAN ANTONIO,TX,78220
,334 FERRIS,SAN ANTONIO,TX,78220
,435 FERRIS,SAN ANTONIO,TX,78220
,438 FERRIS,SAN ANTONIO,TX,78220
,451 FERRIS,SAN ANTONIO,TX,78220
,519 FERRIS,SAN ANTONIO,TX,78220
,530 FERRIS,SAN ANTONIO,TX,78220
,547 FERRIS,SAN ANTONIO,TX,78220
,651 FERRIS,SAN ANTONIO,TX,78220
,659 FERRIS,SAN ANTONIO,TX,78220
,923 FITCH,SAN ANTONIO,TX,78211
,935 FITCH,SAN ANTONIO,TX,78211
,1009 FITCH,SAN ANTONIO,TX,78211
,1050 FITCH,SAN ANTONIO,TX,78211
,1134 FITCH,SAN ANTONIO,TX,78211
,1157 FITCH,SAN ANTONIO,TX,78211
,1166 FITCH,SAN ANTONIO,TX,78211
,1170 FITCH,SAN ANTONIO,TX,78211
,1303 FITCH,SAN ANTONIO,TX,78211
,2018 FITCH,SAN ANTONIO,TX,78211
,2106 FITCH,SAN ANTONIO,TX,78211
,1003 FLANDERS,SAN ANTONIO,TX,78211
,1138 FLANDERS,SAN ANTONIO,TX,78211
,1263 FLANDERS,SAN ANTONIO,TX,78211
,1307 FLANDERS,SAN ANTONIO,TX,78211
,1317 FLANDERS,SAN ANTONIO,TX,78211
,1540 FLANDERS,SAN ANTONIO,TX,78211
,1556 FLANDERS,SAN ANTONIO,TX,78211
,1557 FLANDERS,SAN ANTONIO,TX,78211
,25158 FLYING ARROW,SAN ANTONIO,TX,78258
,6690 FM 1346,SAN ANTONIO,TX,78220
,6783 FM 1346,SAN ANTONIO,TX,78220
,7252 FM 1346,SAN ANTONIO,TX,78220
,14315 FM 1937,SAN ANTONIO,TX,78221
,19210 FM 1937,SAN ANTONIO,TX,78221
,19230 FM 1937,SAN ANTONIO,TX,78221
,19230 FM 1937,SAN ANTONIO,TX,78221
,19424 FM 1937,SAN ANTONIO,TX,78221
,673 FM 2537,SAN ANTONIO,TX,78221
,3030 FORT PARKER,SAN ANTONIO,TX,78211
,809 FULTON,SAN ANTONIO,TX,78212
,426 G,SAN ANTONIO,TX,78220
,1316 GARNETT,SAN ANTONIO,TX,78221
,9226 GARNETT,SAN ANTONIO,TX,78221
,9303 GARNETT,SAN ANTONIO,TX,78221
,344 GILLETTE,SAN ANTONIO,TX,78221
,416 GILLETTE,SAN ANTONIO,TX,78221
,7303 GLAZE,SAN ANTONIO,TX,78249
,107 GLENCOE,SAN ANTONIO,TX,78212
,122 GLENCOE,SAN ANTONIO,TX,78212
,135 GLENCOE,SAN ANTONIO,TX,78212
,3011 GOLDEN,SAN ANTONIO,TX,78211
,3019 GOLDEN,SAN ANTONIO,TX,78211
,3143 GOLDEN,SAN ANTONIO,TX,78211
,155 GOODELL,SAN ANTONIO,TX,78220
,3535 GRACIE,SAN ANTONIO,TX,78211
,115 GROSVENOR,SAN ANTONIO,TX,78221
,126 GROSVENOR,SAN ANTONIO,TX,78221
,230 GROSVENOR,SAN ANTONIO,TX,78221
,426 GROSVENOR,SAN ANTONIO,TX,78221
,635 GROSVENOR,SAN ANTONIO,TX,78221
,718 GROSVENOR,SAN ANTONIO,TX,78221
,1022 GROSVENOR,SAN ANTONIO,TX,78221
,410 H,SAN ANTONIO,TX,78220
,618 H,SAN ANTONIO,TX,78220
,10923 HAMLEN PARK,SAN ANTONIO,TX,78249
,4402 HAMPSTEAD,SAN ANTONIO,TX,78220
,423 HAMPTON,SAN ANTONIO,TX,78220
,438 HAMPTON,SAN ANTONIO,TX,78220
,816 HAMPTON,SAN ANTONIO,TX,78220
,11510 HEAP,SAN ANTONIO,TX,78230
,121 HILL,SAN ANTONIO,TX,78212
,211 HILL,SAN ANTONIO,TX,78212
,102 HILLSIDE,OLMOS PARK,TX,78212
,539 HOLMGREEN,SAN ANTONIO,TX,78220
,853 HOLMGREEN,SAN ANTONIO,TX,78220
,879 HOLMGREEN,SAN ANTONIO,TX,78220
,9107 HONEY CRK,SAN ANTONIO,TX,78230
,18906 HONEY MESQUITE,SAN ANTONIO,TX,78258
,155 HOPI,SAN ANTONIO,TX,78211
,140 HORACE,SAN ANTONIO,TX,78212
,147 HOSACK,SAN ANTONIO,TX,78211
,203 HOSACK,SAN ANTONIO,TX,78211
,206 HUB,SAN ANTONIO,TX,78220
,243 HUB,SAN ANTONIO,TX,78220
,20550 HUEBNER,SAN ANTONIO,TX,78258
,20550 HUEBNER,SAN ANTONIO,TX,78258
,222 HUMBOLDT,SAN ANTONIO,TX,78211
,235 HUMBOLDT,SAN ANTONIO,TX,78211
,246 HUMBOLDT,SAN ANTONIO,TX,78211
,339 HUMBOLDT,SAN ANTONIO,TX,78211
,402 HUMBOLDT,SAN ANTONIO,TX,78211
,428 HUMBOLDT,SAN ANTONIO,TX,78211
,510 HUMBOLDT,SAN ANTONIO,TX,78211
,3514 HUNTERS,SAN ANTONIO,TX,78230
,13207 HUNTERS,SAN ANTONIO,TX,78230
,3409 HUNTERS WALK,SAN ANTONIO,TX,78230
,7315 HUNTSMAN RUN,SAN ANTONIO,TX,78249
,643 I,SAN ANTONIO,TX,78220
,119 IKE,SAN ANTONIO,TX,78211
,211 IKE,SAN ANTONIO,TX,78211
,354 IKE,SAN ANTONIO,TX,78211
,354 IKE,SAN ANTONIO,TX,78211
,119 ILLG,SAN ANTONIO,TX,78211
,122 ILLG,SAN ANTONIO,TX,78211
,3903 IRON MILL,SAN ANTONIO,TX,78230
,10 IRONWOOD,OLMOS PARK,TX,78212
,230 IROQUOIS,SAN ANTONIO,TX,78211
,322 IROQUOIS,SAN ANTONIO,TX,78211
,331 IROQUOIS,SAN ANTONIO,TX,78211
,334 IROQUOIS,SAN ANTONIO,TX,78211
,310 J,SAN ANTONIO,TX,78220
,527 J,SAN ANTONIO,TX,78220
,619 J,SAN ANTONIO,TX,78220
,627 J,SAN ANTONIO,TX,78220
,639 J,SAN ANTONIO,TX,78220
,639 J,SAN ANTONIO,TX,78220
,3330 J,SAN ANTONIO,TX,78220
,711 JACKSON,SAN ANTONIO,TX,78212
,719 JACKSON,SAN ANTONIO,TX,78212
,11202 JADE GREEN,SAN ANTONIO,TX,78249
,11207 JADESTONE,SAN ANTONIO,TX,78249
,1519 JANET GALE,SAN ANTONIO,TX,78221
,1522 JANET GALE,SAN ANTONIO,TX,78221
,6865 JOE LOUIS,SAN ANTONIO,TX,78220
,7253 JOE LOUIS,SAN ANTONIO,TX,78220
,419 K,SAN ANTONIO,TX,78220
,438 K,SAN ANTONIO,TX,78220
,833 KEATS,SAN ANTONIO,TX,78211
,854 KEATS,SAN ANTONIO,TX,78211
,868 KEATS,SAN ANTONIO,TX,78211
,905 KEATS,SAN ANTONIO,TX,78211
,938 KEATS,SAN ANTONIO,TX,78211
,1102 KEATS,SAN ANTONIO,TX,78211
,1443 KEATS,SAN ANTONIO,TX,78211
,1538 KEATS,SAN ANTONIO,TX,78211
,11803 KELLERS,SAN ANTONIO,TX,78230
,102 KELSEY,SAN ANTONIO,TX,78211
,667 KENDALIA,SAN ANTONIO,TX,78221
,701 KENDALIA,SAN ANTONIO,TX,78221
,735 KENDALIA,SAN ANTONIO,TX,78221
,843 KENDALIA,SAN ANTONIO,TX,78221
,946 KENDALIA,SAN ANTONIO,TX,78221
,1035 KENDALIA,SAN ANTONIO,TX,78221
,302 KENMAR,SAN ANTONIO,TX,78220
,374 KENMAR,SAN ANTONIO,TX,78220
,416 KING,SAN ANTONIO,TX,78211
,425 KING,SAN ANTONIO,TX,78211
,714 KING,SAN ANTONIO,TX,78211
,838 KING,SAN ANTONIO,TX,78211
,930 KING,SAN ANTONIO,TX,78211
,219 KINGS,SAN ANTONIO,TX,78212
,124 KINGSBURY,SAN ANTONIO,TX,78212
,204 KINGSBURY,SAN ANTONIO,TX,78212
,3003 KIOWA,SAN ANTONIO,TX,78211
,3115 KIOWA,SAN ANTONIO,TX,78211
,3122 KIOWA,SAN ANTONIO,TX,78211
,606 KNOTTY OAK,SAN ANTONIO,TX,78220
,311 KOPPLOW,SAN ANTONIO,TX,78221
,334 LA MANDA,SAN ANTONIO,TX,78212
,523 LA MANDA,SAN ANTONIO,TX,78212
,3063 LA ROSA,SAN ANTONIO,TX,78211
,3111 LA ROSA,SAN ANTONIO,TX,78211
,3142 LA ROSA,SAN ANTONIO,TX,78211
,3206 LA ROSA,SAN ANTONIO,TX,78211
,3210 LA ROSA,SAN ANTONIO,TX,78211
,3402 LA ROSA,SAN ANTONIO,TX,78211
,1006 LA TIERRA,SAN ANTONIO,TX,78258
,3122 LA VIOLETA,SAN ANTONIO,TX,78211
,3315 LA VIOLETA,SAN ANTONIO,TX,78211
,3407 LA VIOLETA,SAN ANTONIO,TX,78211
,102 LACEY OAK,SHAVANO PARK,TX,78230
,106 LACEY OAK,SHAVANO PARK,TX,78230
,114 LACEY OAK,SHAVANO PARK,TX,78230
,119 LACEY OAK,SHAVANO PARK,TX,78230
,127 LACEY OAK,SHAVANO PARK,TX,78230
,5010 LAKEWOOD,SAN ANTONIO,TX,78220
,162 LANGFORD PLACE,SAN ANTONIO,TX,78221
,527 LANIER,SAN ANTONIO,TX,78221
,6009 LARIMER SQ,SAN ANTONIO,TX,78249
,1603 LATIMER,SAN ANTONIO,TX,78220
,1631 LATIMER,SAN ANTONIO,TX,78220
,250 LAUREL HEIGHTS PLACE,SAN ANTONIO,TX,78212
,7 LAZY HOLW,SAN ANTONIO,TX,78230
,18160 LEAL,SAN ANTONIO,TX,78221
,18719 LEAL,SAN ANTONIO,TX,78221
,18827 LEAL,SAN ANTONIO,TX,78221
,18903 LEAL,SAN ANTONIO,TX,78221
,18907 LEAL,SAN ANTONIO,TX,78221
,18911 LEAL,SAN ANTONIO,TX,78221
,18915 LEAL,SAN ANTONIO,TX,78221
,18919 LEAL,SAN ANTONIO,TX,78221
,19019 LEAL,SAN ANTONIO,TX,78221
,19023 LEAL,SAN ANTONIO,TX,78221
,19031 LEAL,SAN ANTONIO,TX,78221
,19107 LEAL,SAN ANTONIO,TX,78221
,19115 LEAL,SAN ANTONIO,TX,78221
,19123 LEAL,SAN ANTONIO,TX,78221
,19139 LEAL,SAN ANTONIO,TX,78221
,19215 LEAL,SAN ANTONIO,TX,78221
,19219 LEAL,SAN ANTONIO,TX,78221
,19223 LEAL,SAN ANTONIO,TX,78221
,19231 LEAL,SAN ANTONIO,TX,78221
,19231 LEAL,SAN ANTONIO,TX,78221
,19235 LEAL,SAN ANTONIO,TX,78221
,871 LEE HALL,SAN ANTONIO,TX,78212
,321 LEONIDAS,SAN ANTONIO,TX,78220
,349 LEONIDAS,SAN ANTONIO,TX,78220
,411 LEWIS,SAN ANTONIO,TX,78212
,103 LIMESTONE OAK,SHAVANO PARK,TX,78230
,302 LINCOLNSHIRE,SAN ANTONIO,TX,78220
,314 LINCOLNSHIRE,SAN ANTONIO,TX,78220
,415 LINCOLNSHIRE,SAN ANTONIO,TX,78220
,419 LINCOLNSHIRE,SAN ANTONIO,TX,78220
,458 LINCOLNSHIRE,SAN ANTONIO,TX,78220
,471 LINCOLNSHIRE,SAN ANTONIO,TX,78220
,475 LINCOLNSHIRE,SAN ANTONIO,TX,78220
,503 LINCOLNSHIRE,SAN ANTONIO,TX,78220
,523 LINCOLNSHIRE,SAN ANTONIO,TX,78220
,570 LINCOLNSHIRE,SAN ANTONIO,TX,78220
,586 LINCOLNSHIRE,SAN ANTONIO,TX,78220
,626 LINCOLNSHIRE,SAN ANTONIO,TX,78220
,750 LINCOLNSHIRE,SAN ANTONIO,TX,78220
,23 LINDEN,SAN ANTONIO,TX,78211
,323 LINDEN,SAN ANTONIO,TX,78211
,807 LINDEN,SAN ANTONIO,TX,78211
,1122 LINDEN,SAN ANTONIO,TX,78211
,1224 LINDEN,SAN ANTONIO,TX,78211
,1618 LONE OAK,SAN ANTONIO,TX,78220
,303 LONGVIEW,SAN ANTONIO,TX,78220
,4534 LORD,SAN ANTONIO,TX,78220
,4854 LORD,SAN ANTONIO,TX,78220
,221 LOVERA,SAN ANTONIO,TX,78212
,502 LOVERA,SAN ANTONIO,TX,78212
,616 LOVERA,SAN ANTONIO,TX,78212
,630 LOVERA,SAN ANTONIO,TX,78212
,711 LOVERA,SAN ANTONIO,TX,78212
,715 LOVERA,SAN ANTONIO,TX,78212
,154 LOVETT,SAN ANTONIO,TX,78211
,221 LOVETT,SAN ANTONIO,TX,78211
,532 LOVETT,SAN ANTONIO,TX,78211
,826 LOVETT,SAN ANTONIO,TX,78211
,129 LUTHER,OLMOS PARK,TX,78212
,140 LUTHER,OLMOS PARK,TX,78212
,339 LYELL,SAN ANTONIO,TX,78211
,6126 LYNGROVE,SAN ANTONIO,TX,78249
,314 LYNHAVEN,SAN ANTONIO,TX,78220
,6112 MACDONA,SAN ANTONIO,TX,78221
,6219 MACDONA,SAN ANTONIO,TX,78221
,104 MAGNOLIA,SAN ANTONIO,TX,78212
,207 MARMOK,SAN ANTONIO,TX,78220
,103 MARSHALL,SAN ANTONIO,TX,78212
,421 MARSHALL,SAN ANTONIO,TX,78212
,705 MARSHALL,SAN ANTONIO,TX,78212
,2839 MARTIN LUTHER KING,SAN ANTONIO,TX,78220
,2918 MARTIN LUTHER KING,SAN ANTONIO,TX,78220
,2950 MARTIN LUTHER KING,SAN ANTONIO,TX,78220
,3006 MARTIN LUTHER KING,SAN ANTONIO,TX,78220
,3022 MARTIN LUTHER KING,SAN ANTONIO,TX,78220
,3027 MARTIN LUTHER KING,SAN ANTONIO,TX,78220
,3030 MARTIN LUTHER KING,SAN ANTONIO,TX,78220
,418 FERRIS,SAN ANTONIO,TX,78220
,3426 MARTIN LUTHER KING,SAN ANTONIO,TX,78220
,1635 MARTINEZ LOSOYA,SAN ANTONIO,TX,78221
,1745 MARTINEZ LOSOYA,SAN ANTONIO,TX,78221
,7407 MARY ABBOTT,SAN ANTONIO,TX,78221
,5034 MARY DIANE,SAN ANTONIO,TX,78220
,417 MAVERICK,SAN ANTONIO,TX,78212
,107 MC KENNA,SAN ANTONIO,TX,78211
,126 MC KENNA,SAN ANTONIO,TX,78211
,422 MC LAUGHLIN,SAN ANTONIO,TX,78211
,614 MC LAUGHLIN,SAN ANTONIO,TX,78211
,627 MC LAUGHLIN,SAN ANTONIO,TX,78211
,2914 MCARTHUR,SAN ANTONIO,TX,78211
,3149 MCARTHUR,SAN ANTONIO,TX,78211
,301 MCCAULEY,SAN ANTONIO,TX,78221
,738 MCCAULEY,SAN ANTONIO,TX,78221
,746 MCCAULEY,SAN ANTONIO,TX,78221
,5209 MCCULLOUGH,OLMOS PARK,TX,78212
,314 MCLANE,SAN ANTONIO,TX,78212
,135 MCNARNEY,SAN ANTONIO,TX,78211
,254 MCNARNEY,SAN ANTONIO,TX,78211
,346 MCNARNEY,SAN ANTONIO,TX,78211
,362 MCNARNEY,SAN ANTONIO,TX,78211
,367 MCNARNEY,SAN ANTONIO,TX,78211
,6380 MELISSA ANN,SAN ANTONIO,TX,78249
,6423 MELISSA ANN,SAN ANTONIO,TX,78249
,6463 MELISSA ANN,SAN ANTONIO,TX,78249
,204 MELROSE PLACE,SAN ANTONIO,TX,78212
,535 MESA BLF,SAN ANTONIO,TX,78258
,22311 MESA KNOLL,SAN ANTONIO,TX,78258
,11914 MESQUITE MESA,SAN ANTONIO,TX,78249
,606 MIDWAY CREST,SAN ANTONIO,TX,78258
,11610 MILL ROCK,SAN ANTONIO,TX,78230
,11723 MILL ROCK,SAN ANTONIO,TX,78230
,11732 MILL ROCK,SAN ANTONIO,TX,78230
,11745 MILL ROCK,SAN ANTONIO,TX,78230
,11748 MILL ROCK,SAN ANTONIO,TX,78230
,11850 MILL ROCK,SAN ANTONIO,TX,78230
,424 MILLARD,SAN ANTONIO,TX,78212
,3631 MINTHILL,SAN ANTONIO,TX,78230
,11438 MISSION TRACE,SAN ANTONIO,TX,78230
,11718 MISSION TRACE,SAN ANTONIO,TX,78230
,11331 MORINO PARK,SAN ANTONIO,TX,78249
,119 MORNINGVIEW,SAN ANTONIO,TX,78220
,150 MORNINGVIEW,SAN ANTONIO,TX,78220
,210 MORNINGVIEW,SAN ANTONIO,TX,78220
,223 MORNINGVIEW,SAN ANTONIO,TX,78220
,350 MORNINGVIEW,SAN ANTONIO,TX,78220
,467 MORNINGVIEW,SAN ANTONIO,TX,78220
,531 MORNINGVIEW,SAN ANTONIO,TX,78220
,703 MORNINGVIEW,SAN ANTONIO,TX,78220
,24215 MOUNTAIN BEND,SAN ANTONIO,TX,78258
,344 MOURSUND,SAN ANTONIO,TX,78221
,401 MOURSUND,SAN ANTONIO,TX,78221
,418 MOURSUND,SAN ANTONIO,TX,78221
,523 MOURSUND,SAN ANTONIO,TX,78221
,326 MYRICK,SAN ANTONIO,TX,78221
,302 MYRTLE OAK,SHAVANO PARK,TX,78230
,827 FLORES,SAN ANTONIO,TX,78212
,1005 FLORES,SAN ANTONIO,TX,78212
,2615 FLORES,SAN ANTONIO,TX,78212
,4110 HEIN,SAN ANTONIO,TX,78220
,1817 ST MARY'S,SAN ANTONIO,TX,78212
,2619 ST MARY'S,SAN ANTONIO,TX,78212
,3114 ST MARY'S,SAN ANTONIO,TX,78212
,19139 NATURE OAKS,SAN ANTONIO,TX,78258
,3003 NAVAJO,SAN ANTONIO,TX,78211
,103 NELLINA,SAN ANTONIO,TX,78220
,959 NEW LAREDO HWY,SAN ANTONIO,TX,78211
,7345 NICKLE,SAN ANTONIO,TX,78249
,12111 NO BOGIE,SAN ANTONIO,TX,78221
,6311 NOBLE,SAN ANTONIO,TX,78221
,6319 NOBLE,SAN ANTONIO,TX,78221
,8939 OAKBROOK,SAN ANTONIO,TX,78221
,2435 OAKLAND BEND,SAN ANTONIO,TX,78258
,107 OAKMONT,SAN ANTONIO,TX,78212
,228 ODELL,SAN ANTONIO,TX,78212
,234 ODELL,SAN ANTONIO,TX,78212
,4618 OLD COACH,SAN ANTONIO,TX,78220
,3006 OLD ELM,SAN ANTONIO,TX,78230
,3011 OLD ELM,SAN ANTONIO,TX,78230
,2523 OLD GATE,SAN ANTONIO,TX,78230
,12646 OLD WICK,SAN ANTONIO,TX,78230
,307 ORCHARD,SAN ANTONIO,TX,78220
,323 ORCHARD,SAN ANTONIO,TX,78220
,403 ORCHARD,SAN ANTONIO,TX,78220
,205 OSTROM,SAN ANTONIO,TX,78212
,2930 OWASSO,SAN ANTONIO,TX,78211
,3118 OWASSO,SAN ANTONIO,TX,78211
,1903 PALO ALTO,SAN ANTONIO,TX,78211
,122 PARK,SAN ANTONIO,TX,78212
,135 PARK,OLMOS PARK,TX,78212
,142 PARK,OLMOS PARK,TX,78212
,308 PARK,OLMOS PARK,TX,78212
,338 PARK,OLMOS PARK,TX,78212
,344 PARK,OLMOS PARK,TX,78212
,420 PARK,OLMOS PARK,TX,78212
,131 PARK HILL,SAN ANTONIO,TX,78212
,142 PARK HILL,OLMOS PARK,TX,78212
,151 PARK HILL,OLMOS PARK,TX,78212
,226 PARK HILL,OLMOS PARK,TX,78212
,300 PARK HILL,OLMOS PARK,TX,78212
,321 PARK HILL,OLMOS PARK,TX,78212
,111 PARKLANE,OLMOS PARK,TX,78212
,223 PARKLANE,OLMOS PARK,TX,78212
,307 PARKLANE,OLMOS PARK,TX,78212
,3 PARMAN PLACE,SAN ANTONIO,TX,78230
,6 PARMAN PLACE,SAN ANTONIO,TX,78230
,7 PARMAN PLACE,SAN ANTONIO,TX,78230
,10 PARMAN PLACE,SAN ANTONIO,TX,78230
,15 PARMAN PLACE,SAN ANTONIO,TX,78230
,19 PARMAN PLACE,SAN ANTONIO,TX,78230
,22 PARMAN PLACE,SAN ANTONIO,TX,78230
,107 PASEO ENCINAL,OLMOS PARK,TX,78212
,111 PASEO ENCINAL,OLMOS PARK,TX,78212
,118 PASEO ENCINAL,OLMOS PARK,TX,78212
,119 PASEO ENCINAL,OLMOS PARK,TX,78212
,205 PASEO ENCINAL,OLMOS PARK,TX,78212
,215 PASEO ENCINAL,OLMOS PARK,TX,78212
,805 CONTOUR,SAN ANTONIO,TX,78212
,315 PASEO ENCINAL,OLMOS PARK,TX,78212
,320 PASEO ENCINAL,OLMOS PARK,TX,78212
,324 PASEO ENCINAL,OLMOS PARK,TX,78212
,327 PASEO ENCINAL,OLMOS PARK,TX,78212
,330 PASEO ENCINAL,OLMOS PARK,TX,78212
,123 PEABODY,SAN ANTONIO,TX,78211
,134 PEABODY,SAN ANTONIO,TX,78211
,180 PEABODY,SAN ANTONIO,TX,78211
,202 PEABODY,SAN ANTONIO,TX,78211
,214 PEABODY,SAN ANTONIO,TX,78211
,319 PEABODY,SAN ANTONIO,TX,78211
,707 PEABODY,SAN ANTONIO,TX,78211
,503 PECAN VALLEY,SAN ANTONIO,TX,78220
,510 PECAN VALLEY,SAN ANTONIO,TX,78220
,515 PECAN VALLEY,SAN ANTONIO,TX,78220
,622 PECAN VALLEY,SAN ANTONIO,TX,78220
,1011 PEG OAK,SAN ANTONIO,TX,78258
,131 PIMA,SAN ANTONIO,TX,78211
,204 PIMA,SAN ANTONIO,TX,78211
,206 PIMA,SAN ANTONIO,TX,78211
,3002 PITLUK,SAN ANTONIO,TX,78211
,3102 PITLUK,SAN ANTONIO,TX,78211
,3118 PITLUK,SAN ANTONIO,TX,78211
,3119 PITLUK,SAN ANTONIO,TX,78211
,3210 PITLUK,SAN ANTONIO,TX,78211
,3227 PITLUK,SAN ANTONIO,TX,78211
,3242 PITLUK,SAN ANTONIO,TX,78211
,3258 PITLUK,SAN ANTONIO,TX,78211
,3270 PITLUK,SAN ANTONIO,TX,78211
,1400 PLEASANTON,SAN ANTONIO,TX,78221
,2916 PLEASANTON,SAN ANTONIO,TX,78221
,18090 PLEASANTON,SAN ANTONIO,TX,78221
,19502 PLEASANTON,SAN ANTONIO,TX,78221
,111 POST OAK,SHAVANO PARK,TX,78230
,115 POST OAK,SHAVANO PARK,TX,78230
,202 POST OAK,SHAVANO PARK,TX,78230
,203 POST OAK,SHAVANO PARK,TX,78230
,211 POST OAK,SHAVANO PARK,TX,78230
,8926 PRAIRIE HILL,SAN ANTONIO,TX,78211
,139 PRICE,SAN ANTONIO,TX,78211
,170 PRICE,SAN ANTONIO,TX,78211
,519 PRICE,SAN ANTONIO,TX,78211
,835 PRICE,SAN ANTONIO,TX,78211
,121 PRIMERA,OLMOS PARK,TX,78212
,216 PRIMERA,OLMOS PARK,TX,78212
,304 PRIMERA,OLMOS PARK,TX,78212
,203 PROSPECT,SAN ANTONIO,TX,78211
,246 PROSPECT,SAN ANTONIO,TX,78211
,3035 QUAKERTOWN,SAN ANTONIO,TX,78230
,429 QUEENS CRESCENT,SAN ANTONIO,TX,78212
,12919 QUEENS FOREST,SAN ANTONIO,TX,78230
,8327 QUIHI,SAN ANTONIO,TX,78211
,942 QUINTANA,SAN ANTONIO,TX,78211
,1511 QUINTANA,SAN ANTONIO,TX,78211
,1515 QUINTANA,SAN ANTONIO,TX,78211
,1515 QUINTANA,SAN ANTONIO,TX,78211
,1826 QUINTANA,SAN ANTONIO,TX,78211
,2439 QUINTANA,SAN ANTONIO,TX,78211
,2439 QUINTANA,SAN ANTONIO,TX,78211
,2439 QUINTANA,SAN ANTONIO,TX,78211
,2631 QUINTANA,SAN ANTONIO,TX,78211
,7214 QUINTANA,SAN ANTONIO,TX,78211
,214 RAYBURN,SAN ANTONIO,TX,78221
,433 RAYBURN,SAN ANTONIO,TX,78221
,215 READWELL,SAN ANTONIO,TX,78220
,224 READWELL,SAN ANTONIO,TX,78220
,381 READWELL,SAN ANTONIO,TX,78220
,13126 REGENCY BEND,SAN ANTONIO,TX,78249
,3781 REMIGIO,SAN ANTONIO,TX,78211
,220 REX,SAN ANTONIO,TX,78212
,550 RICE,SAN ANTONIO,TX,78220
,911 RICE,SAN ANTONIO,TX,78220
,929 RICE,SAN ANTONIO,TX,78220
,1155 RICE,SAN ANTONIO,TX,78220
,1332 RICE,SAN ANTONIO,TX,78220
,3642 RICHWOOD,SAN ANTONIO,TX,78230
,8314 RIDGE TOP,SAN ANTONIO,TX,78230
,218 RIFE,SAN ANTONIO,TX,78211
,113 RIPLEY,SAN ANTONIO,TX,78212
,3486 RIVER NORTH,SAN ANTONIO,TX,78230
,3498 RIVER NORTH,SAN ANTONIO,TX,78230
,3438 RIVER PATH,SAN ANTONIO,TX,78230
,3458 RIVER PATH,SAN ANTONIO,TX,78230
,3438 RIVER,SAN ANTONIO,TX,78230
,416 ROBESON,SAN ANTONIO,TX,78220
,535 ROBLE REAL,SAN ANTONIO,TX,78258
,9010 ROCK CLIFF,SAN ANTONIO,TX,78230
,3618 ROCKVIEW,SAN ANTONIO,TX,78230
,17815 ROCKSIDE,SAN ANTONIO,TX,78258
,167 ROESLER,SAN ANTONIO,TX,78220
,233 ROESLER,SAN ANTONIO,TX,78220
,15416 ROSA,SAN ANTONIO,TX,78221
,15495 ROSA,SAN ANTONIO,TX,78221
,16105 ROSA,SAN ANTONIO,TX,78221
,128 ROSE,SAN ANTONIO,TX,78212
,211 ROSE,SAN ANTONIO,TX,78212
,221 ROSE,SAN ANTONIO,TX,78212
,235 ROSEBUD,SAN ANTONIO,TX,78221
,363 ROSEBUD,SAN ANTONIO,TX,78221
,115 AUDUBON,SAN ANTONIO,TX,78212
,19560 FLORES,SAN ANTONIO,TX,78221
,19560 FLORES,SAN ANTONIO,TX,78221
,19624 FLORES,SAN ANTONIO,TX,78221
,1521 WW WHITE,SAN ANTONIO,TX,78220
,1845 WW WHITE,SAN ANTONIO,TX,78220
,5506 ZARZAMORA,SAN ANTONIO,TX,78211
,6202 ZARZAMORA,SAN ANTONIO,TX,78211
,6206 ZARZAMORA,SAN ANTONIO,TX,78211
,738 SAMS,SAN ANTONIO,TX,78221
,926 SAMS,SAN ANTONIO,TX,78221
,1011 SAMS,SAN ANTONIO,TX,78221
,1022 SAMS,SAN ANTONIO,TX,78221
,125 SAN ANGELO,SAN ANTONIO,TX,78212
,617 SANTA MONICA,SAN ANTONIO,TX,78212
,132 SCHUMACHER,SAN ANTONIO,TX,78220
,144 SCHUMACHER,SAN ANTONIO,TX,78220
,5010 SEA BREEZE,SAN ANTONIO,TX,78220
,1622 SEMLINGER,SAN ANTONIO,TX,78220
,3022 SHADOW BEND,SAN ANTONIO,TX,78230
,3402 SHADY SPGS,SAN ANTONIO,TX,78230
,231 SHARMAIN PLACE,SAN ANTONIO,TX,78221
,235 SHARMAIN PLACE,SAN ANTONIO,TX,78221
,311 SHARMAIN PLACE,SAN ANTONIO,TX,78221
,438 SHARMAIN PLACE,SAN ANTONIO,TX,78221
,535 SHARMAIN PLACE,SAN ANTONIO,TX,78221
,224 SHELBURN,SAN ANTONIO,TX,78220
,247 SHELBURN,SAN ANTONIO,TX,78220
,268 SHELBURN,SAN ANTONIO,TX,78220
,303 SHELBURN,SAN ANTONIO,TX,78220
,382 SHELBURN,SAN ANTONIO,TX,78220
,4302 SHILOH,SAN ANTONIO,TX,78220
,147 SHRINE,SAN ANTONIO,TX,78221
,314 SHRINE,SAN ANTONIO,TX,78221
,443 SHRINE,SAN ANTONIO,TX,78221
,455 SHRINE,SAN ANTONIO,TX,78221
,4035 SLEEPY HOLLOW,SAN ANTONIO,TX,78230
,110 SOMERSET,SAN ANTONIO,TX,78211
,7215 SOMERSET,SAN ANTONIO,TX,78211
,7319 SOMERSET,SAN ANTONIO,TX,78211
,7826 SOMERSET,SAN ANTONIO,TX,78211
,8015 SOMERSET,SAN ANTONIO,TX,78211
,13903 SOUTH VILLAGE,SAN ANTONIO,TX,78249
,106 SPAATZ,SAN ANTONIO,TX,78211
,131 SPAATZ,SAN ANTONIO,TX,78211
,6727 SPRING BROOK,SAN ANTONIO,TX,78249
,11749 SPRING CLUB,SAN ANTONIO,TX,78249
,11723 SPRING DALE,SAN ANTONIO,TX,78249
,6786 SPRING FRONT,SAN ANTONIO,TX,78249
,6734 SPRING HAVEN,SAN ANTONIO,TX,78249
,6623 SPRING HURST,SAN ANTONIO,TX,78249
,6527 SPRING LARK,SAN ANTONIO,TX,78249
,11727 SPRING LIFE,SAN ANTONIO,TX,78249
,11735 SPRING LIFE,SAN ANTONIO,TX,78249
,11752 SPRING LIFE,SAN ANTONIO,TX,78249
,6512 SPRING MANOR,SAN ANTONIO,TX,78249
,11744 SPRING RDG,SAN ANTONIO,TX,78249
,6607 SPRING ROSE,SAN ANTONIO,TX,78249
,6911 SPRING ROSE,SAN ANTONIO,TX,78249
,7142 SPRING TERRACE,SAN ANTONIO,TX,78249
,6203 STABLE TRAIL,SAN ANTONIO,TX,78249
,224 STANFORD,OLMOS PARK,TX,78212
,123 STERLING,SAN ANTONIO,TX,78220
,138 STERLING,SAN ANTONIO,TX,78220
,354 STERLING,SAN ANTONIO,TX,78220
,358 STERLING,SAN ANTONIO,TX,78220
,469 STERLING,SAN ANTONIO,TX,78220
,571 STERLING,SAN ANTONIO,TX,78220
,579 STERLING,SAN ANTONIO,TX,78220
,587 STERLING,SAN ANTONIO,TX,78220
,606 STERLING,SAN ANTONIO,TX,78220
,643 STERLING,SAN ANTONIO,TX,78220
,751 STERLING,SAN ANTONIO,TX,78220
,815 STERLING,SAN ANTONIO,TX,78220
,9003 STONELAND,SAN ANTONIO,TX,78230
,4607 STONELEIGH,SAN ANTONIO,TX,78220
,4942 STONELEIGH,SAN ANTONIO,TX,78220
,5046 STONELEIGH,SAN ANTONIO,TX,78220
,872 STONEWALL,SAN ANTONIO,TX,78211
,1005 STONEWALL,SAN ANTONIO,TX,78211
,1038 STONEWALL,SAN ANTONIO,TX,78211
,1201 STONEWALL,SAN ANTONIO,TX,78211
,1339 STONEWALL,SAN ANTONIO,TX,78211
,1352 STONEWALL,SAN ANTONIO,TX,78211
,1514 STONEWALL,SAN ANTONIO,TX,78211
,1307 SUMMERFIELD,SAN ANTONIO,TX,78258
,23110 SUMMERS DREAM,SAN ANTONIO,TX,78258
,1410 SUMMIT CRK,SAN ANTONIO,TX,78258
,25046 SUMMIT CRK,SAN ANTONIO,TX,78258
,3507 SUN BEAM,SAN ANTONIO,TX,78220
,219 SUNGLO,SAN ANTONIO,TX,78221
,301 SUNGLO,SAN ANTONIO,TX,78221
,331 SUNGLO,SAN ANTONIO,TX,78221
,922 SUNGLO,SAN ANTONIO,TX,78221
,1926 SUPREME,SAN ANTONIO,TX,78220
,111 SUSSEX,SAN ANTONIO,TX,78221
,1809 MILITARY,SAN ANTONIO,TX,78221
,4030 TAMARAK,SAN ANTONIO,TX,78220
,206 TAMPA,SAN ANTONIO,TX,78211
,230 TAMPA,SAN ANTONIO,TX,78211
,242 TAMPA,SAN ANTONIO,TX,78211
,243 TAMPA,SAN ANTONIO,TX,78211
,255 TEDDER,SAN ANTONIO,TX,78211
,414 TEDDER,SAN ANTONIO,TX,78211
,440 TEDDER,SAN ANTONIO,TX,78211
,149 TERRY,SAN ANTONIO,TX,78212
,145 THELMA,OLMOS PARK,TX,78212
,207 THELMA,OLMOS PARK,TX,78212
,214 THELMA,OLMOS PARK,TX,78212
,215 THELMA,OLMOS PARK,TX,78212
,305 THELMA,OLMOS PARK,TX,78212
,538 THORAIN,SAN ANTONIO,TX,78212
,423 TIDEWIND,SAN ANTONIO,TX,78221
,502 TIDEWIND,SAN ANTONIO,TX,78221
,26 TILBURY,SAN ANTONIO,TX,78230
,107 TOMROB,SAN ANTONIO,TX,78220
,314 TRAIL,SAN ANTONIO,TX,78212
,321 TRAIL,SAN ANTONIO,TX,78212
,5811 TREE VIEW,SAN ANTONIO,TX,78220
,106 TRINITY OAK,SHAVANO PARK,TX,78230
,8915 TROY,SAN ANTONIO,TX,78221
,90 TURNBERRY,SAN ANTONIO,TX,78230
,527 TWOHIG,SAN ANTONIO,TX,78220
,603 UPLAND,SAN ANTONIO,TX,78220
,1003 UPLAND,SAN ANTONIO,TX,78220
,11520 US HWY 281,SAN ANTONIO,TX,78221
,17485 US HWY 281,SAN ANTONIO,TX,78221
,127 VALDEZ,SAN ANTONIO,TX,78212
,138 VALDEZ,SAN ANTONIO,TX,78212
,146 VALDEZ,SAN ANTONIO,TX,78212
,3390 VALLEY,SAN ANTONIO,TX,78221
,5130 VANCE JACKSON,SAN ANTONIO,TX,78230
,5604 VANCE JACKSON,SAN ANTONIO,TX,78230
,11158 VANCE JACKSON,SAN ANTONIO,TX,78230
,154 VASSAR,SAN ANTONIO,TX,78212
,819 VERMONT,SAN ANTONIO,TX,78211
,863 VERMONT,SAN ANTONIO,TX,78211
,910 VERMONT,SAN ANTONIO,TX,78211
,967 VERMONT,SAN ANTONIO,TX,78211
,1011 VERMONT,SAN ANTONIO,TX,78211
,1023 VERMONT,SAN ANTONIO,TX,78211
,1147 VERMONT,SAN ANTONIO,TX,78211
,1250 VERMONT,SAN ANTONIO,TX,78211
,1304 VERMONT,SAN ANTONIO,TX,78211
,1306 VERMONT,SAN ANTONIO,TX,78211
,1319 VERMONT,SAN ANTONIO,TX,78211
,1412 VERMONT,SAN ANTONIO,TX,78211
,1418 VERMONT,SAN ANTONIO,TX,78211
,130 VERNE,SAN ANTONIO,TX,78221
,202 VERNE,SAN ANTONIO,TX,78221
,203 VERNE,SAN ANTONIO,TX,78221
,212 VERNE,SAN ANTONIO,TX,78221
,730 VERNE,SAN ANTONIO,TX,78221
,10403 VERNLYN,SAN ANTONIO,TX,78230
,15 VICKERS,SAN ANTONIO,TX,78211
,105 VICKERS,SAN ANTONIO,TX,78211
,318 VICKERS,SAN ANTONIO,TX,78211
,808 VICKERS,SAN ANTONIO,TX,78211
,1410 VICKERS,SAN ANTONIO,TX,78211
,30 VILLA VERDE,SAN ANTONIO,TX,78230
,726 AMBER,SAN ANTONIO,TX,78221
,378 ANSLEY,SAN ANTONIO,TX,78221
,420 ANSLEY,SAN ANTONIO,TX,78221
,423 ANSLEY,SAN ANTONIO,TX,78221
,829 ASHBY PLACE,SAN ANTONIO,TX,78212
,914 ASHBY PLACE,SAN ANTONIO,TX,78212
,920 ASHBY PLACE,SAN ANTONIO,TX,78212
,926 ASHBY PLACE,SAN ANTONIO,TX,78212
,930 ASHBY PLACE,SAN ANTONIO,TX,78212
,942 ASHBY PLACE,SAN ANTONIO,TX,78212
,139 BAETZ,SAN ANTONIO,TX,78221
,234 BAETZ,SAN ANTONIO,TX,78221
,209 BURCHAM,SAN ANTONIO,TX,78221
,428 BURCHAM,SAN ANTONIO,TX,78221
,503 CHAVANEAUX,SAN ANTONIO,TX,78221
,507 CRAIG PLACE,SAN ANTONIO,TX,78212
,705 CRAIG PLACE,SAN ANTONIO,TX,78212
,733 CYPRESS,SAN ANTONIO,TX,78212
,505 EL PRADO,OLMOS PARK,TX,78212
,608 EL PRADO,OLMOS PARK,TX,78212
,711 EL PRADO,OLMOS PARK,TX,78212
,618 ELMIRA,SAN ANTONIO,TX,78212
,638 ELMIRA,SAN ANTONIO,TX,78212
,210 ELSMERE PLACE,SAN ANTONIO,TX,78212
,331 ELSMERE PLACE,SAN ANTONIO,TX,78212
,342 ELSMERE PLACE,SAN ANTONIO,TX,78212
,727 ELSMERE PLACE,SAN ANTONIO,TX,78212
,727 ELSMERE PLACE,SAN ANTONIO,TX,78212
,727 ELSMERE PLACE,SAN ANTONIO,TX,78212
,727 ELSMERE PLACE,SAN ANTONIO,TX,78212
,826 ELSMERE PLACE,SAN ANTONIO,TX,78212
,603 EUCLID,SAN ANTONIO,TX,78212
,814 EUCLID,SAN ANTONIO,TX,78212
,407 FORMOSA,SAN ANTONIO,TX,78221
,827 FORMOSA,SAN ANTONIO,TX,78221
,509 FRENCH PLACE,SAN ANTONIO,TX,78212
,914 FRENCH PLACE,SAN ANTONIO,TX,78212
,1031 FRENCH PLACE,SAN ANTONIO,TX,78212
,139 GERALD,SAN ANTONIO,TX,78221
,211 GERALD,SAN ANTONIO,TX,78221
,502 GERALD,SAN ANTONIO,TX,78221
,535 GERALD,SAN ANTONIO,TX,78221
,1438 GERALD,SAN ANTONIO,TX,78211
,1544 GERALD,SAN ANTONIO,TX,78211
,2908 GERALD,SAN ANTONIO,TX,78211
,724 GRAMERCY PLACE,SAN ANTONIO,TX,78212
,234 GRAYSON,SAN ANTONIO,TX,78212
,310 GRAYSON,SAN ANTONIO,TX,78212
,222 HARDING,SAN ANTONIO,TX,78221
,334 HARDING,SAN ANTONIO,TX,78221
,450 HARDING,SAN ANTONIO,TX,78221
,926 HARDING,SAN ANTONIO,TX,78221
,1014 HARDING,SAN ANTONIO,TX,78221
,1311 HARDING,SAN ANTONIO,TX,78221
,1326 HARDING,SAN ANTONIO,TX,78221
,1430 HARDING,SAN ANTONIO,TX,78221
,871 HARLAN,SAN ANTONIO,TX,78211
,1005 HARLAN,SAN ANTONIO,TX,78211
,1111 HARLAN,SAN ANTONIO,TX,78211
,1231 HARLAN,SAN ANTONIO,TX,78211
,1331 HARLAN,SAN ANTONIO,TX,78211
,1414 HARLAN,SAN ANTONIO,TX,78211
,1426 HARLAN,SAN ANTONIO,TX,78211
,1510 HARLAN,SAN ANTONIO,TX,78211
,1331 HEIN,SAN ANTONIO,TX,78220
,244 HERMOSA,SAN ANTONIO,TX,78212
,431 HERMOSA,SAN ANTONIO,TX,78212
,539 HERMOSA,SAN ANTONIO,TX,78212
,508 HOLLYWOOD,SAN ANTONIO,TX,78212
,730 HOLLYWOOD,SAN ANTONIO,TX,78212
,831 HOLLYWOOD,SAN ANTONIO,TX,78212
,415 HUTCHINS PLACE,SAN ANTONIO,TX,78221
,435 HUTCHINS PLACE,SAN ANTONIO,TX,78221
,830 HUTCHINS PLACE,SAN ANTONIO,TX,78221
,1210 HUTCHINS PLACE,SAN ANTONIO,TX,78221
,134 KINGS HWY,SAN ANTONIO,TX,78212
,202 KINGS HWY,SAN ANTONIO,TX,78212
,802 LULLWOOD,SAN ANTONIO,TX,78212
,315 LYNWOOD,SAN ANTONIO,TX,78212
,825 MAGNOLIA,SAN ANTONIO,TX,78212
,825 MAGNOLIA,SAN ANTONIO,TX,78212
,825 MAGNOLIA,SAN ANTONIO,TX,78212
,614 MALLY,SAN ANTONIO,TX,78221
,639 MALLY,SAN ANTONIO,TX,78221
,819 MALLY,SAN ANTONIO,TX,78221
,438 MANDALAY,SAN ANTONIO,TX,78212
,542 MANDALAY,SAN ANTONIO,TX,78212
,209 MARIPOSA,SAN ANTONIO,TX,78212
,107 MAYFIELD,SAN ANTONIO,TX,78221
,131 MAYFIELD,SAN ANTONIO,TX,78221
,255 MAYFIELD,SAN ANTONIO,TX,78221
,309 MAYFIELD,SAN ANTONIO,TX,78221
,529 MAYFIELD,SAN ANTONIO,TX,78211
,537 MAYFIELD,SAN ANTONIO,TX,78211
,867 MAYFIELD,SAN ANTONIO,TX,78211
,1635 MAYFIELD,SAN ANTONIO,TX,78211
,1927 MAYFIELD,SAN ANTONIO,TX,78211
,502 MULBERRY,SAN ANTONIO,TX,78212
,522 MULBERRY,SAN ANTONIO,TX,78212
,614 MULBERRY,SAN ANTONIO,TX,78212
,805 MULBERRY,SAN ANTONIO,TX,78212
,937 MYRTLE,SAN ANTONIO,TX,78212
,1010 MYRTLE,SAN ANTONIO,TX,78212
,419 NORWOOD,SAN ANTONIO,TX,78212
,802 NORWOOD,SAN ANTONIO,TX,78212
,566 PETALUMA,SAN ANTONIO,TX,78221
,615 PETALUMA,SAN ANTONIO,TX,78221
,664 PETALUMA,SAN ANTONIO,TX,78221
,907 POPLAR,SAN ANTONIO,TX,78212
,655 PYRON,SAN ANTONIO,TX,78221
,692 PYRON,SAN ANTONIO,TX,78221
,810 PYRON,SAN ANTONIO,TX,78221
,814 PYRON,SAN ANTONIO,TX,78221
,815 PYRON,SAN ANTONIO,TX,78221
,1103 PYRON,SAN ANTONIO,TX,78221
,1202 PYRON,SAN ANTONIO,TX,78211
,1503 PYRON,SAN ANTONIO,TX,78211
,1715 PYRON,SAN ANTONIO,TX,78211
,1747 PYRON,SAN ANTONIO,TX,78211
,2044 PYRON,SAN ANTONIO,TX,78211
,800 RUSSELL PLACE,SAN ANTONIO,TX,78212
,317 SOUTHCROSS,SAN ANTONIO,TX,78221
,463 SOUTHCROSS,SAN ANTONIO,TX,78221
,515 SOUTHCROSS,SAN ANTONIO,TX,78221
,1003 SOUTHCROSS,SAN ANTONIO,TX,78211
,1019 SOUTHCROSS,SAN ANTONIO,TX,78211
,1123 SOUTHCROSS,SAN ANTONIO,TX,78211
,1213 SOUTHCROSS,SAN ANTONIO,TX,78211
,1711 SOUTHCROSS,SAN ANTONIO,TX,78211
,2384 SOUTHCROSS,SAN ANTONIO,TX,78211
,2406 SOUTHCROSS,SAN ANTONIO,TX,78211
,2408 SOUTHCROSS,SAN ANTONIO,TX,78211
,227 VESTAL PLACE,SAN ANTONIO,TX,78221
,427 VESTAL PLACE,SAN ANTONIO,TX,78221
,1230 VESTAL PLACE,SAN ANTONIO,TX,78221
,1425 VESTAL PLACE,SAN ANTONIO,TX,78221
,343 VILLARET,SAN ANTONIO,TX,78221
,546 VILLARET,SAN ANTONIO,TX,78221
,137 WILDWOOD,SAN ANTONIO,TX,78212
,426 WILDWOOD,SAN ANTONIO,TX,78212
,443 WILDWOOD,SAN ANTONIO,TX,78212
,503 WILDWOOD,SAN ANTONIO,TX,78212
,821 WOODLAWN,SAN ANTONIO,TX,78212
,107 WAGNER,SAN ANTONIO,TX,78211
,523 WAGNER,SAN ANTONIO,TX,78211
,922 WAGNER,SAN ANTONIO,TX,78211
,1223 WAGNER,SAN ANTONIO,TX,78211
,222 WAINWRIGHT,SAN ANTONIO,TX,78211
,249 WARE,SAN ANTONIO,TX,78221
,426 WARE,SAN ANTONIO,TX,78221
,4934 WAYCROSS,SAN ANTONIO,TX,78220
,55 WESTELM,SAN ANTONIO,TX,78230
,5 WESTELM,SAN ANTONIO,TX,78230
,722 WESTWOOD,SAN ANTONIO,TX,78212
,10907 WHISPER HOLW,SAN ANTONIO,TX,78230
,11423 WHISPER MOSS,SAN ANTONIO,TX,78230
,2906 WHISPER,SAN ANTONIO,TX,78230
,32 WHITMAN,SAN ANTONIO,TX,78211
,310 WHITMAN,SAN ANTONIO,TX,78211
,418 WHITMAN,SAN ANTONIO,TX,78211
,524 WHITMAN,SAN ANTONIO,TX,78211
,9514 WIKIEUP,SAN ANTONIO,TX,78211
,431 WILCOX,SAN ANTONIO,TX,78211
,435 WILCOX,SAN ANTONIO,TX,78211
,502 WILCOX,SAN ANTONIO,TX,78211
,20707 WILD SPRINGS,SAN ANTONIO,TX,78258
,20914 WILD SPRINGS,SAN ANTONIO,TX,78258
,616 WILMINGTON,SAN ANTONIO,TX,78212
,6011 WOOD BAYOU,SAN ANTONIO,TX,78249
,201 WOODBY,SAN ANTONIO,TX,78212
,116 WOODLIEF,SAN ANTONIO,TX,78212
,757 YUCCA,SAN ANTONIO,TX,78220
,763 YUCCA,SAN ANTONIO,TX,78220
,775 YUCCA,SAN ANTONIO,TX,78220
,854 YUCCA,SAN ANTONIO,TX,78220
,859 YUCCA,SAN ANTONIO,TX,78220
,227 YUKON,SAN ANTONIO,TX,78221
,519 YUKON,SAN ANTONIO,TX,78221
,130 YUMA,SAN ANTONIO,TX,78211
,139 YUMA,SAN ANTONIO,TX,78211
,235 YUMA,SAN ANTONIO,TX,78211
,112 YVONNE,SAN ANTONIO,TX,78211
,113 ZILLA,SAN ANTONIO,TX,78212
,13507 BABCOCK,SAN ANTONIO,TX,78249
,204 BARTHOLOMEW,SAN ANTONIO,TX,78211
,19131 CABALLERO SPUR,SAN ANTONIO,TX,78221
,727 CANTRELL,SAN ANTONIO,TX,78221
,547 ANSLEY,SAN ANTONIO,TX,78221
,511 CRAIG PLACE,SAN ANTONIO,TX,78212
,127 DEWEY PLACE,SAN ANTONIO,TX,78212
,902 EUCLID,SAN ANTONIO,TX,78212
,702 EVERGREEN,SAN ANTONIO,TX,78212
,20003 FM 1937,SAN ANTONIO,TX,78221
,418 KENDALL,SAN ANTONIO,TX,78212
,19311 LEAL,SAN ANTONIO,TX,78221
,4614 MIDNIGHT WOODS,SAN ANTONIO,TX,78249
,1825 ST MARY'S,SAN ANTONIO,TX,78212
,8927 OAKBROOK,SAN ANTONIO,TX,78221
,326 PASEO ENCINAL,OLMOS PARK,TX,78212
,2454 FOSTER,SAN ANTONIO,TX,78220
,2018 SAN PEDRO PLACE,SAN ANTONIO,TX,78221
,8827 TROY,SAN ANTONIO,TX,78221
,115 TURNBERRY,SAN ANTONIO,TX,78230
,12022 US HWY 281,SAN ANTONIO,TX,78221
,19931 US HWY 281,SAN ANTONIO,TX,78221
,802 EL PRADO,OLMOS PARK,TX,78212
,300 FRENCH PLACE,SAN ANTONIO,TX,78212
,2421 GERALD,SAN ANTONIO,TX,78211
,316 MULBERRY,SAN ANTONIO,TX,78212
,402 WARREN,SAN ANTONIO,TX,78212
,11406 WHISPER BLF,SAN ANTONIO,TX,78230
,777 OLMOS,OLMOS PARK,TX,78212
,215 ANNIE,SAN ANTONIO,TX,78212
,78 TURNBERRY,SAN ANTONIO,TX,78230
,10007 KINGS GRANT,SAN ANTONIO,TX,78230
,11319 PAR ONE,SAN ANTONIO,TX,78221
,11302 TIGER WOODS,SAN ANTONIO,TX,78221
,11410 HOGAN,SAN ANTONIO,TX,78221
,3602 AZUL,SAN ANTONIO,TX,78211
,603 EMMETT,SAN ANTONIO,TX,78221
,458 CORLISS,SAN ANTONIO,TX,78220
,114 HOLDER,SAN ANTONIO,TX,78211
,1411 GREYSTONE RDG,SAN ANTONIO,TX,78258
,307 ACKARD PLACE,SAN ANTONIO,TX,78221
,467 IKE,SAN ANTONIO,TX,78211
,602 ANSLEY,SAN ANTONIO,TX,78221
,4115 SAND STONE,SAN ANTONIO,TX,78230
,2482 FOSTER,SAN ANTONIO,TX,78220
,926 DRURY,SAN ANTONIO,TX,78221
,2518 QUINTANA,SAN ANTONIO,TX,78211
,3125 GERALD,SAN ANTONIO,TX,78211
,76 MICHELANGELO,SAN ANTONIO,TX,78258
,731 MAYFIELD,SAN ANTONIO,TX,78211
,8807 TROY,SAN ANTONIO,TX,78221
,815 LOGWOOD,SAN ANTONIO,TX,78221
,2419 GERALD,SAN ANTONIO,TX,78211
,636 VILLARET,SAN ANTONIO,TX,78221
,3051 MCARTHUR,SAN ANTONIO,TX,78211
,358 PETALUMA,SAN ANTONIO,TX,78221
,1630 PYRON,SAN ANTONIO,TX,78211
,323 IKE,SAN ANTONIO,TX,78211
,907 POPLAR,SAN ANTONIO,TX,78212
,166 MAYFIELD,SAN ANTONIO,TX,78221
,246 FERRIS,SAN ANTONIO,TX,78220
,646 PETALUMA,SAN ANTONIO,TX,78221
,14648 US HWY 281,SAN ANTONIO,TX,78221
,9639 MARIA ISABEL,SAN ANTONIO,TX,78211
,280 VILLARET,SAN ANTONIO,TX,78221
,2335 OAKLAND BEND,SAN ANTONIO,TX,78258
,552 MOURSUND,SAN ANTONIO,TX,78221
,3513 COMMERCIAL,SAN ANTONIO,TX,78221
,7402 QUINTANA,SAN ANTONIO,TX,78211
,9098 IH 35,SAN ANTONIO,TX,78211
,110 DOOLITTLE,SAN ANTONIO,TX,78211
,146 PRICE,SAN ANTONIO,TX,78211
,166 CADDO,SAN ANTONIO,TX,78211
,319 SPAATZ,SAN ANTONIO,TX,78211
,467 VINCENT,SAN ANTONIO,TX,78211
,638 PETALUMA,SAN ANTONIO,TX,78221
,1007 SOMERSET,SAN ANTONIO,TX,78211
,3606 PITLUK,SAN ANTONIO,TX,78211
,9042 SOMERSET,SAN ANTONIO,TX,78211
,9270 SOMERSET,SAN ANTONIO,TX,78211
,908 LEMON,SAN ANTONIO,TX,78258
,918 CAMPANILE,SAN ANTONIO,TX,78258
,334 ANSLEY,SAN ANTONIO,TX,78221
,23006 WHISPER CANYON,SAN ANTONIO,TX,78258
,215 CADDO,SAN ANTONIO,TX,78211
,223 MCNARNEY,SAN ANTONIO,TX,78211
,434 BRADLEY,SAN ANTONIO,TX,78211
,522 ANSLEY,SAN ANTONIO,TX,78221
,10525 MOURSUND,SAN ANTONIO,TX,78221
,14625 PLEASANTON,SAN ANTONIO,TX,78221
,19210 BIRDSONG WEST,SAN ANTONIO,TX,78258
,300 PASEO ENCINAL,OLMOS PARK,TX,78212
,9714 PLEASANTON PLACE,SAN ANTONIO,TX,78221
